Player,Pos,Age,Tm,G,GS,MP,FG,FGA,FG%,3P,3PA,3P%,2P,2PA,2P%,FT,FTA,FT%,ORB,DRB,TRB,AST,STL,BLK,TOV,PF,PTS,ORtg,DRtg,All_NBA_Pos,Win_Prop
Steven Adams,C,26,OKC,58,58,1564,8.2,13.8,0.591,0.0,0.1,0.33299999999999996,8.1,13.7,0.593,3.4,5.7,0.59,6.1,10.8,16.9,4.4,1.6,2.0,2.7,3.5,19.7,123.0,106,Center,0.0411946446961895
Bam Adebayo,PF,22,MIA,65,65,2235,8.9,15.7,0.5670000000000001,0.0,0.3,0.077,8.9,15.5,0.5760000000000001,5.2,7.5,0.69,3.6,11.3,15.0,7.3,1.7,1.9,4.0,3.6,23.1,117.0,106,Forward,0.042224510813594233
LaMarcus Aldridge,C,34,SAS,53,53,1754,10.7,21.7,0.493,1.7,4.3,0.389,9.0,17.4,0.519,4.3,5.2,0.8270000000000001,2.8,7.9,10.7,3.5,1.0,2.4,2.0,3.5,27.4,115.0,113,Center,0.027806385169927908
Nickeil Alexander-Walker,SG,21,NOP,41,0,501,7.1,20.9,0.33899999999999997,3.7,10.8,0.342,3.4,10.1,0.336,1.6,2.6,0.607,0.7,6.6,7.4,6.8,1.0,0.6,3.7,4.2,19.5,91.0,113,Guard,0.028836251287332648
Grayson Allen,SG,24,MEM,30,0,498,7.4,16.5,0.449,3.1,8.5,0.363,4.3,8.0,0.541,2.8,3.3,0.857,0.5,5.7,6.2,4.0,0.6,0.1,2.2,3.4,20.7,111.0,115,Guard,0.032955715756951595
Jarrett Allen,C,21,BRK,64,58,1647,7.7,11.9,0.6459999999999999,0.0,0.1,0.0,7.7,11.8,0.654,4.2,6.8,0.62,5.6,11.8,17.4,2.4,1.1,2.4,2.1,4.1,19.6,130.0,105,Center,0.030895983522142123
Kadeem Allen,SG,27,NYK,10,0,117,7.9,18.3,0.43200000000000005,2.1,6.7,0.313,5.8,11.7,0.5,2.9,4.6,0.636,0.8,2.9,3.7,8.7,2.1,0.8,3.3,2.9,20.8,106.0,114,Guard,0.021627188465499485
Al-Farouq Aminu,PF,29,ORL,18,2,380,3.2,11.0,0.29100000000000004,1.2,4.6,0.25,2.1,6.4,0.32,2.4,3.7,0.655,3.1,8.1,11.2,2.7,2.3,1.0,2.2,3.5,10.0,88.0,107,Forward,0.030895983522142123
Justin Anderson,SF,26,BRK,3,0,17,2.8,16.7,0.16699999999999998,0.0,8.4,0.0,2.8,8.4,0.33299999999999996,2.8,5.6,0.5,0.0,5.6,5.6,0.0,0.0,2.8,0.0,5.6,8.4,50.0,110,Forward,0.030895983522142123
Kyle Anderson,PF,26,MEM,59,20,1140,5.7,11.5,0.493,0.7,2.5,0.258,5.0,8.9,0.56,1.8,2.7,0.652,2.2,8.3,10.5,5.4,1.9,1.3,2.3,3.5,13.7,111.0,109,Forward,0.032955715756951595
Ryan Anderson,PF,31,HOU,2,0,14,6.6,23.2,0.28600000000000003,3.3,16.6,0.2,3.3,6.6,0.5,0.0,0.0,0.0,0.0,23.2,23.2,6.6,3.3,0.0,3.3,3.3,16.6,78.0,98,Forward,0.0411946446961895
Giannis Antetokounmpo,PF,25,MIL,57,57,1763,16.2,29.5,0.547,2.2,7.0,0.306,14.0,22.5,0.622,9.4,14.8,0.633,3.4,16.9,20.3,8.5,1.5,1.5,5.4,4.5,43.8,116.0,96,Forward,0.05458290422245108
Kostas Antetokounmpo,PF,22,LAL,3,0,5,0.0,0.0,0.0,0.0,0.0,0.0,0.0,0.0,0.0,0.0,0.0,0.0,0.0,9.5,9.5,9.5,0.0,0.0,0.0,0.0,0.0,226.0,110,Forward,0.05046343975283213
Thanasis Antetokounmpo,SF,27,MIL,18,2,93,9.3,17.7,0.528,0.0,3.4,0.0,9.3,14.3,0.655,3.4,7.4,0.467,5.4,3.9,9.3,4.4,2.9,1.0,5.4,6.4,22.1,99.0,101,Forward,0.05458290422245108
Carmelo Anthony,PF,35,POR,50,50,1623,8.5,19.9,0.426,2.1,5.7,0.371,6.4,14.2,0.447,3.3,3.9,0.843,1.8,7.4,9.2,2.3,1.2,0.7,2.6,4.2,22.4,102.0,115,Forward,0.029866117404737384
OG Anunoby,SF,22,TOR,63,62,1897,6.7,13.3,0.507,2.1,5.4,0.381,4.7,7.8,0.593,1.5,2.2,0.6859999999999999,1.9,6.7,8.6,2.5,2.2,1.1,1.9,3.9,17.0,113.0,104,Forward,0.04737384140061792
Ryan Arcidiacono,PG,25,CHI,58,4,930,4.7,11.4,0.409,2.8,7.1,0.391,1.9,4.2,0.439,1.4,2.0,0.711,1.0,4.7,5.7,5.0,1.4,0.2,1.9,5.0,13.5,111.0,113,Guard,0.02265705458290422
Trevor Ariza,SF,34,TOT,53,21,1493,4.6,10.5,0.43799999999999994,2.5,6.7,0.37200000000000005,2.1,3.8,0.556,2.0,2.4,0.838,1.1,6.9,7.9,2.9,2.2,0.5,1.8,3.6,13.7,114.0,112,Forward,0.03333333333333334
D.J. Augustin,PG,32,ORL,49,6,1215,6.3,15.9,0.39299999999999996,2.4,7.0,0.345,3.9,9.0,0.43,5.6,6.3,0.885,0.7,3.7,4.4,9.0,1.2,0.0,2.8,2.1,20.5,114.0,114,Guard,0.030895983522142123
Deandre Ayton,C,21,PHO,30,25,996,12.1,22.1,0.5479999999999999,0.0,0.1,0.0,12.1,22.0,0.552,2.9,3.7,0.769,5.8,11.3,17.1,2.7,1.0,2.4,3.4,4.6,27.1,110.0,108,Center,0.026776519052523172
Dwayne Bacon,SG,24,CHO,39,11,687,6.2,17.8,0.348,1.4,4.9,0.284,4.8,12.9,0.373,2.6,3.9,0.66,1.1,6.2,7.3,3.8,1.7,0.1,2.7,3.8,16.3,86.0,114,Guard,0.02368692070030896
Marvin Bagley III,PF,20,SAC,13,6,334,11.4,24.4,0.467,0.6,3.2,0.182,10.8,21.2,0.51,3.7,4.5,0.8059999999999999,4.2,9.9,14.2,1.5,0.9,1.8,2.6,6.3,27.0,102.0,110,Forward,0.028836251287332648
Lonzo Ball,PG,22,NOP,56,47,1817,6.6,16.0,0.41200000000000003,3.5,9.2,0.38299999999999995,3.1,6.7,0.45299999999999996,1.0,1.7,0.5670000000000001,1.6,7.2,8.8,10.0,2.0,0.8,4.4,2.8,17.7,105.0,111,Guard,0.028836251287332648
Mo Bamba,C,21,ORL,60,0,868,7.4,15.9,0.46799999999999997,2.1,5.8,0.35600000000000004,5.3,10.0,0.534,1.7,2.6,0.674,5.5,11.3,16.8,2.4,1.2,4.8,2.4,6.5,18.7,111.0,103,Center,0.030895983522142123
J.J. Barea,PG,35,DAL,26,4,391,9.2,22.2,0.413,3.6,9.4,0.382,5.6,12.8,0.43700000000000006,2.1,2.2,0.9440000000000001,1.2,4.7,5.9,12.3,0.5,0.2,4.3,3.1,24.0,110.0,115,Guard,0.0411946446961895
Harrison Barnes,PF,27,SAC,64,64,2231,7.1,15.5,0.45899999999999996,2.0,5.3,0.38299999999999995,5.1,10.2,0.498,4.3,5.3,0.8029999999999999,1.3,5.4,6.7,3.3,0.8,0.2,1.7,1.8,20.6,116.0,115,Forward,0.028836251287332648
RJ Barrett,SG,19,NYK,56,55,1704,8.3,20.8,0.402,1.8,5.6,0.32,6.5,15.1,0.43200000000000005,4.5,7.3,0.614,1.4,6.5,8.0,4.1,1.6,0.5,3.5,3.5,22.9,95.0,114,Guard,0.021627188465499485
Will Barton,SF,29,DEN,58,58,1916,8.6,19.0,0.45,2.8,7.4,0.375,5.8,11.6,0.498,2.6,3.4,0.767,2.0,7.4,9.4,5.5,1.6,0.7,2.3,3.1,22.5,112.0,110,Forward,0.044284243048403706
Keita Bates-Diop,SF,24,TOT,39,0,665,6.2,14.5,0.428,2.2,6.6,0.33,4.1,8.0,0.509,3.4,4.8,0.71,1.5,6.4,7.8,2.1,1.2,1.5,1.0,2.7,18.0,112.0,113,Forward,0.03333333333333334
Nicolas Batum,SF,31,CHO,22,3,505,2.8,8.0,0.34600000000000003,1.4,4.9,0.28600000000000003,1.4,3.2,0.43799999999999994,0.9,1.0,0.9,2.5,7.4,9.9,6.5,1.7,0.8,2.2,4.1,7.8,107.0,112,Forward,0.02368692070030896
Aron Baynes,C,33,PHO,42,28,934,9.3,19.3,0.48,3.0,8.5,0.35100000000000003,6.3,10.8,0.5820000000000001,2.8,3.8,0.747,3.6,8.4,12.0,3.4,0.5,1.2,2.5,7.1,24.4,113.0,113,Center,0.026776519052523172
Kent Bazemore,SF-SG,30,TOT,64,21,1604,5.5,14.8,0.374,2.3,6.8,0.342,3.2,8.0,0.401,3.3,4.2,0.768,0.7,7.6,8.3,2.5,2.1,1.2,2.5,5.4,16.7,96.0,111,Forward,0.03333333333333334
Darius Bazley,PF,19,OKC,53,8,909,4.7,12.3,0.38299999999999995,1.6,5.4,0.3,3.1,7.0,0.446,1.7,2.5,0.6809999999999999,1.1,9.4,10.5,1.6,1.1,1.9,2.1,2.4,12.7,90.0,108,Forward,0.0411946446961895
Bradley Beal,SG,26,WAS,57,57,2053,13.5,29.6,0.455,3.9,10.9,0.353,9.6,18.7,0.515,8.8,10.4,0.8420000000000001,1.2,4.3,5.5,7.9,1.6,0.5,4.4,2.9,39.6,113.0,117,Guard,0.024716786817713696
Malik Beasley,SG,23,TOT,55,14,1209,9.1,21.3,0.425,4.3,11.0,0.38799999999999996,4.8,10.3,0.465,2.2,2.6,0.818,0.7,5.2,5.9,3.0,1.6,0.3,2.3,3.1,24.5,105.0,113,Guard,0.03333333333333334
Marco Belinelli,SG,33,SAS,52,0,779,6.5,16.7,0.391,3.5,9.6,0.368,3.0,7.2,0.42200000000000004,2.0,2.5,0.78,0.2,5.3,5.5,3.9,0.6,0.1,1.0,2.5,18.6,108.0,118,Guard,0.027806385169927908
Jordan Bell,C-PF,25,TOT,29,0,256,6.4,12.2,0.522,0.7,2.2,0.33299999999999996,5.6,10.0,0.564,3.4,5.6,0.613,5.4,9.3,14.7,2.9,0.5,1.8,3.8,3.4,16.9,108.0,112,Forward,0.03333333333333334
DeAndre' Bembry,SG,25,ATL,43,4,915,5.3,11.6,0.456,0.8,3.3,0.231,4.5,8.3,0.546,1.3,2.4,0.542,1.7,6.0,7.7,4.1,2.8,1.0,3.1,4.3,12.7,95.0,112,Guard,0.02059732234809475
Dragan Bender,SF,22,TOT,16,3,286,6.8,15.2,0.446,2.5,7.1,0.349,4.3,8.1,0.531,1.6,2.3,0.7140000000000001,2.6,9.4,12.0,4.6,0.7,1.5,3.5,6.9,17.6,102.0,110,Forward,0.03333333333333334
Dāvis Bertāns,PF,27,WAS,54,4,1583,7.8,18.0,0.434,5.9,13.9,0.424,1.9,4.1,0.47100000000000003,3.1,3.6,0.852,1.0,6.2,7.2,2.7,1.1,1.0,1.7,4.1,24.6,120.0,117,Forward,0.024716786817713696
Patrick Beverley,PG,31,LAC,48,48,1299,5.0,11.8,0.428,2.7,7.2,0.379,2.3,4.6,0.504,1.0,1.5,0.659,2.0,7.4,9.4,6.5,1.9,0.9,2.3,5.4,13.8,115.0,106,Guard,0.04531410916580844
Khem Birch,C,27,ORL,40,24,777,3.5,7.2,0.48700000000000004,0.0,0.1,0.0,3.5,7.2,0.491,2.6,4.2,0.612,4.4,6.9,11.3,2.2,1.0,1.3,1.4,4.6,9.6,116.0,110,Center,0.030895983522142123
Goga Bitadze,C,20,IND,49,2,410,7.2,15.3,0.473,0.7,4.3,0.16699999999999998,6.5,11.1,0.591,2.9,3.9,0.727,2.6,8.8,11.4,2.5,0.7,3.8,3.0,6.8,18.1,100.0,106,Center,0.04016477857878476
Bismack Biyombo,C,27,CHO,53,29,1029,7.4,13.5,0.5429999999999999,0.0,0.0,0.0,7.4,13.5,0.5429999999999999,4.4,7.4,0.603,5.8,9.2,15.0,2.4,0.5,2.4,2.3,5.6,19.1,116.0,112,Center,0.02368692070030896
Nemanja Bjelica,PF,31,SAC,64,61,1821,7.7,16.2,0.475,3.3,7.9,0.424,4.3,8.3,0.524,1.6,2.0,0.8220000000000001,2.9,8.2,11.0,4.8,1.4,0.9,2.5,5.2,20.3,117.0,111,Forward,0.028836251287332648
Eric Bledsoe,PG,30,MIL,56,56,1524,9.6,19.9,0.48200000000000004,2.1,6.0,0.348,7.5,13.8,0.54,4.7,5.8,0.813,1.2,6.5,7.8,9.1,1.6,0.7,4.2,3.6,25.9,113.0,103,Guard,0.05458290422245108
Bogdan Bogdanović,SG,27,SAC,53,20,1510,8.9,20.6,0.433,4.4,12.3,0.361,4.5,8.4,0.541,2.5,3.4,0.7240000000000001,0.5,5.0,5.5,5.5,1.7,0.5,2.9,3.7,24.8,108.0,113,Guard,0.028836251287332648
Bojan Bogdanović,SF,30,UTA,63,63,2083,9.8,21.9,0.447,4.4,10.7,0.414,5.4,11.2,0.479,5.9,6.5,0.903,0.9,5.1,6.1,3.1,0.8,0.2,3.7,2.6,29.8,111.0,113,Forward,0.042224510813594233
Jonah Bolden,PF,24,TOT,7,0,47,4.1,11.2,0.364,0.0,4.1,0.0,4.1,7.1,0.5710000000000001,2.0,4.1,0.5,3.0,6.1,9.1,0.0,3.0,2.0,2.0,10.2,10.2,79.0,106,Forward,0.03333333333333334
Marques Bolden,C,21,CLE,1,0,3,0.0,0.0,0.0,0.0,0.0,0.0,0.0,0.0,0.0,0.0,0.0,0.0,0.0,32.4,32.4,0.0,16.2,0.0,0.0,16.2,0.0,0.0,69,Center,0.01956745623069001
Jordan Bone,PG,22,DET,10,0,53,4.6,18.6,0.25,1.9,9.3,0.2,2.8,9.3,0.3,0.0,0.0,0.0,0.0,3.7,3.7,7.4,0.9,0.0,1.9,5.6,11.1,76.0,117,Guard,0.02059732234809475
Isaac Bonga,SF,20,WAS,58,41,1025,4.4,8.4,0.522,1.0,2.5,0.4,3.4,5.9,0.574,2.4,2.9,0.813,2.8,5.6,8.3,2.8,1.7,1.0,1.9,6.2,12.1,121.0,116,Forward,0.024716786817713696
Devin Booker,SG,23,PHO,62,62,2241,11.5,23.6,0.48700000000000004,2.7,7.4,0.36,8.8,16.2,0.544,8.6,9.3,0.9159999999999999,0.6,4.9,5.5,8.6,1.0,0.3,5.2,4.0,34.2,114.0,115,Guard,0.026776519052523172
Chris Boucher,PF,27,TOR,55,0,724,7.8,17.1,0.45799999999999996,1.8,6.5,0.28300000000000003,6.0,10.6,0.565,5.4,6.8,0.7959999999999999,6.2,9.8,15.9,1.5,1.3,3.5,1.5,6.9,22.9,122.0,101,Forward,0.04737384140061792
Brian Bowen,SG,21,IND,5,1,29,3.4,15.1,0.222,0.0,3.4,0.0,3.4,11.8,0.28600000000000003,0.0,0.0,0.0,1.7,10.1,11.8,0.0,0.0,1.7,1.7,3.4,6.7,50.0,109,Guard,0.04016477857878476
Ky Bowman,PG,22,GSW,45,12,1015,6.3,15.1,0.41700000000000004,1.6,5.0,0.308,4.8,10.1,0.47200000000000003,1.6,1.9,0.8290000000000001,1.1,4.6,5.7,6.2,2.1,0.5,3.3,4.8,15.8,96.0,115,Guard,0.015447991761071062
Avery Bradley,SG,29,LAL,49,44,1186,6.8,15.4,0.444,2.5,6.9,0.364,4.3,8.4,0.51,0.8,1.0,0.833,0.7,3.9,4.6,2.5,1.7,0.2,1.9,4.4,17.0,104.0,109,Guard,0.05046343975283213
Tony Bradley,C,22,UTA,50,2,535,9.4,14.1,0.665,0.1,0.1,1.0,9.3,14.0,0.662,2.4,3.6,0.65,8.2,11.5,19.7,1.5,1.1,2.3,2.1,8.9,21.2,135.0,105,Center,0.042224510813594233
Jarrell Brantley,PF,23,UTA,5,0,13,0.0,0.0,0.0,0.0,0.0,0.0,0.0,0.0,0.0,0.0,0.0,0.0,0.0,18.8,18.8,3.8,0.0,7.5,7.5,7.5,0.0,27.0,97,Forward,0.042224510813594233
Ignas Brazdeikis,SF,21,NYK,9,0,53,5.5,20.2,0.273,0.9,8.3,0.111,4.6,11.9,0.385,3.7,4.6,0.8,1.8,2.8,4.6,3.7,0.0,0.9,1.8,2.8,15.6,82.0,119,Forward,0.021627188465499485
Mikal Bridges,SF,23,PHO,65,24,1772,5.6,10.9,0.516,1.5,4.2,0.35200000000000004,4.1,6.6,0.621,2.4,2.8,0.848,1.6,5.3,6.9,3.1,2.5,1.0,1.7,3.8,15.1,119.0,110,Forward,0.026776519052523172
Miles Bridges,SF,21,CHO,65,64,1995,8.0,18.9,0.424,2.5,7.5,0.33,5.5,11.4,0.486,2.7,3.3,0.809,2.2,6.9,9.1,2.9,1.0,1.2,2.4,3.3,21.2,103.0,114,Forward,0.02368692070030896
Oshae Brissett,SF,21,TOR,19,0,135,4.6,12.7,0.361,1.1,5.3,0.2,3.5,7.4,0.47600000000000003,2.8,3.5,0.8,3.2,6.0,9.2,2.5,1.4,0.4,2.5,6.4,13.1,96.0,107,Forward,0.04737384140061792
Ryan Broekhoff,SG,29,DAL,17,1,180,5.9,15.9,0.373,5.4,13.7,0.392,0.5,2.2,0.25,1.9,2.2,0.875,1.3,10.2,11.6,3.0,1.3,1.1,1.6,4.0,19.1,115.0,109,Guard,0.0411946446961895
Malcolm Brogdon,PG,27,IND,48,48,1472,9.6,21.8,0.439,2.0,6.5,0.313,7.5,15.4,0.491,4.8,5.4,0.895,1.3,6.2,7.5,11.4,1.1,0.3,3.8,2.9,25.9,110.0,111,Guard,0.04016477857878476
Dillon Brooks,SG,24,MEM,65,65,1851,9.4,23.3,0.402,3.3,9.0,0.369,6.1,14.3,0.423,3.6,4.5,0.809,1.5,3.8,5.4,3.2,1.4,0.6,2.7,6.2,25.7,100.0,113,Guard,0.032955715756951595
Bruce Brown,SG,23,DET,58,43,1634,6.0,13.5,0.44299999999999995,1.0,2.9,0.344,5.0,10.6,0.47,2.6,3.6,0.7390000000000001,1.8,6.4,8.2,6.9,1.9,0.9,3.0,4.9,15.6,106.0,112,Guard,0.02059732234809475
Charlie Brown,SG,22,ATL,10,0,40,7.0,22.1,0.316,3.5,10.5,0.33299999999999996,3.5,11.6,0.3,5.8,5.8,1.0,2.3,2.3,4.7,2.3,2.3,2.3,3.5,3.5,23.3,93.0,114,Guard,0.02059732234809475
Jaylen Brown,SF,23,BOS,50,50,1702,10.7,21.9,0.49,3.0,8.0,0.381,7.7,14.0,0.552,4.5,6.1,0.736,1.5,7.5,9.0,3.1,1.6,0.5,3.3,4.3,29.0,111.0,108,Forward,0.044284243048403706
Moses Brown,C,20,POR,9,0,33,5.8,14.4,0.4,0.0,0.0,0.0,5.8,14.4,0.4,4.3,11.6,0.375,4.3,15.9,20.2,1.4,1.4,1.4,4.3,10.1,15.9,81.0,107,Center,0.029866117404737384
Sterling Brown,SF,24,MIL,45,1,665,5.5,15.0,0.36700000000000005,2.5,7.8,0.316,3.0,7.1,0.423,1.9,2.4,0.7709999999999999,1.9,9.4,11.3,3.2,1.5,0.5,2.5,3.1,15.3,96.0,102,Forward,0.05458290422245108
Troy Brown Jr.,SG,20,WAS,61,14,1519,7.0,15.5,0.45299999999999996,1.5,4.5,0.345,5.5,11.1,0.496,2.6,3.5,0.754,2.0,8.0,10.0,4.4,2.3,0.2,2.0,3.4,18.3,110.0,114,Guard,0.024716786817713696
Jalen Brunson,PG,23,DAL,57,16,1022,8.6,18.4,0.466,2.0,5.7,0.358,6.5,12.7,0.515,2.9,3.6,0.813,1.0,5.3,6.3,8.9,1.0,0.2,3.1,3.5,22.1,114.0,113,Guard,0.0411946446961895
Thomas Bryant,C,22,WAS,38,28,901,9.5,15.9,0.599,1.1,2.8,0.40700000000000003,8.4,13.1,0.64,3.6,4.9,0.737,3.9,9.6,13.5,3.7,0.7,1.7,2.5,4.4,23.8,126.0,115,Center,0.024716786817713696
Reggie Bullock,SG,28,NYK,29,19,684,6.4,15.9,0.402,2.6,7.9,0.33299999999999996,3.8,8.0,0.469,1.2,1.5,0.81,0.9,3.9,4.8,3.0,1.8,0.2,1.4,4.0,16.7,105.0,115,Guard,0.021627188465499485
Trey Burke,PG,27,PHI,25,0,329,8.7,18.8,0.465,2.4,5.6,0.42100000000000004,6.3,13.1,0.483,1.9,2.7,0.722,2.2,3.0,5.2,7.8,1.0,0.1,1.8,3.1,21.7,118.0,113,Guard,0.04016477857878476
Alec Burks,SG,28,TOT,59,18,1612,8.4,20.9,0.40399999999999997,3.0,8.1,0.366,5.4,12.7,0.428,6.7,7.5,0.8959999999999999,1.3,6.5,7.8,5.1,1.7,0.5,2.5,3.6,26.5,110.0,114,Guard,0.03333333333333334
Deonte Burton,SG,26,OKC,34,0,284,6.7,18.0,0.371,1.7,7.9,0.217,5.0,10.1,0.49200000000000005,1.0,2.1,0.5,1.0,7.2,8.2,1.9,0.9,1.7,2.4,4.8,16.1,83.0,110,Guard,0.0411946446961895
Jimmy Butler,SF,30,MIA,54,54,1851,8.7,19.1,0.45399999999999996,0.8,3.1,0.248,7.9,16.0,0.494,10.8,13.0,0.833,2.6,6.9,9.5,8.7,2.4,0.8,3.1,2.0,28.9,123.0,108,Forward,0.042224510813594233
Bruno Caboclo,SF,24,TOT,27,0,220,6.8,16.3,0.41600000000000004,0.8,5.9,0.14300000000000002,5.9,10.4,0.5710000000000001,0.8,1.1,0.8,4.7,6.6,11.2,2.5,2.5,3.4,1.9,5.3,15.3,100.0,106,Forward,0.03333333333333334
Kentavious Caldwell-Pope,SG,26,LAL,63,20,1603,6.5,13.8,0.47200000000000003,2.6,6.6,0.39399999999999996,3.9,7.3,0.5429999999999999,2.2,2.8,0.779,1.1,2.8,3.9,3.1,1.6,0.4,1.6,3.5,17.8,117.0,110,Guard,0.05046343975283213
Vlatko Čančar,SF,22,DEN,14,0,45,6.6,16.5,0.4,1.1,6.6,0.16699999999999998,5.5,9.9,0.556,4.4,4.4,1.0,5.5,5.5,11.0,3.3,1.1,1.1,3.3,7.7,18.7,106.0,111,Forward,0.044284243048403706
Clint Capela,C,25,HOU,39,39,1279,8.9,14.1,0.629,0.0,0.0,0.0,8.9,14.1,0.629,2.0,3.8,0.529,6.1,13.4,19.5,1.7,1.2,2.6,2.3,3.7,19.7,124.0,105,Center,0.0411946446961895
DeMarre Carroll,SF,33,TOT,21,0,231,4.3,11.1,0.389,1.4,5.5,0.259,2.9,5.5,0.519,4.9,7.4,0.667,2.3,7.4,9.6,3.7,0.8,0.8,3.3,5.7,15.0,101.0,114,Forward,0.03333333333333334
Jevon Carter,PG,24,PHO,50,2,754,5.1,12.9,0.4,2.9,7.3,0.39299999999999996,2.3,5.5,0.409,1.3,1.6,0.84,1.6,4.6,6.2,4.1,2.4,0.8,1.9,4.8,14.5,107.0,111,Guard,0.026776519052523172
Vince Carter,SF,43,ATL,60,0,876,5.7,16.2,0.35200000000000004,3.2,10.7,0.302,2.4,5.4,0.451,1.2,1.5,0.7929999999999999,1.0,5.6,6.6,2.6,1.2,1.3,1.8,4.8,15.9,94.0,116,Forward,0.02059732234809475
Wendell Carter Jr.,C,20,CHI,43,43,1256,7.0,13.2,0.534,0.2,1.1,0.207,6.8,12.0,0.564,4.3,5.8,0.737,5.3,10.2,15.5,2.0,1.3,1.4,2.8,6.2,18.6,115.0,108,Center,0.02265705458290422
Michael Carter-Williams,SG,28,ORL,42,0,773,6.6,15.3,0.434,1.3,4.3,0.294,5.4,11.0,0.489,4.5,5.5,0.828,2.8,6.1,8.8,6.4,2.8,1.3,3.0,4.9,19.1,110.0,107,Guard,0.030895983522142123
Alex Caruso,PG,25,LAL,58,1,1032,5.1,12.0,0.423,1.8,4.9,0.355,3.3,7.1,0.47100000000000003,2.7,3.5,0.763,0.6,4.5,5.2,4.7,2.8,0.8,2.1,3.9,14.6,108.0,106,Guard,0.05046343975283213
Willie Cauley-Stein,C,26,TOT,54,39,1097,7.6,13.2,0.579,0.0,0.0,0.0,7.6,13.2,0.581,1.7,2.9,0.606,3.7,10.1,13.8,3.1,2.1,2.7,1.7,5.3,17.0,118.0,108,Center,0.03333333333333334
Tyson Chandler,C,37,HOU,26,5,219,3.0,3.8,0.778,0.0,0.0,0.0,3.0,3.8,0.778,1.3,2.8,0.462,5.3,8.7,14.0,1.3,1.3,1.7,1.7,6.8,7.2,135.0,109,Center,0.0411946446961895
Wilson Chandler,SF,32,BRK,35,3,734,4.8,11.8,0.40399999999999997,2.4,7.8,0.306,2.4,4.0,0.597,1.3,1.5,0.87,0.7,8.7,9.4,2.5,1.0,0.8,2.2,5.1,13.3,99.0,109,Forward,0.030895983522142123
Joe Chealey,PG,24,CHO,4,0,33,0.0,10.6,0.0,0.0,6.1,0.0,0.0,4.6,0.0,3.0,3.0,1.0,0.0,0.0,0.0,1.5,6.1,0.0,3.0,3.0,3.0,29.0,108,Guard,0.02368692070030896
Zylan Cheatham,SF,24,NOP,3,0,31,3.0,7.5,0.4,0.0,1.5,0.0,3.0,6.0,0.5,0.0,0.0,0.0,1.5,7.5,8.9,3.0,0.0,1.5,4.5,7.5,6.0,67.0,114,Forward,0.028836251287332648
Chris Chiozza,PG,24,TOT,21,0,249,6.0,14.9,0.405,3.4,7.7,0.439,2.6,7.2,0.368,0.4,0.4,1.0,1.1,5.5,6.6,9.1,2.8,0.4,3.2,4.3,15.9,107.0,111,Guard,0.03333333333333334
Marquese Chriss,PF,22,GSW,59,21,1196,8.4,15.4,0.545,0.3,1.6,0.205,8.1,13.8,0.584,4.8,6.2,0.769,4.6,10.0,14.6,4.6,1.6,2.5,3.1,4.9,21.9,117.0,110,Forward,0.015447991761071062
Gary Clark,PF,25,TOT,35,1,425,4.3,11.3,0.376,3.1,9.6,0.326,1.1,1.7,0.667,0.9,1.0,0.889,3.0,6.5,9.5,1.7,0.6,1.6,0.6,3.5,12.5,120.0,112,Forward,0.03333333333333334
Brandon Clarke,PF,23,MEM,50,3,1086,10.9,17.5,0.623,0.9,2.2,0.40399999999999997,10.0,15.3,0.654,3.1,4.0,0.785,3.4,9.2,12.6,3.1,1.1,1.8,2.0,3.5,25.9,129.0,109,Forward,0.032955715756951595
Jordan Clarkson,SG,27,TOT,63,0,1527,11.2,24.0,0.465,4.1,11.3,0.368,7.0,12.8,0.55,3.9,4.6,0.841,1.5,3.8,5.3,4.0,1.4,0.5,2.6,2.9,30.4,114.0,114,Guard,0.03333333333333334
Nicolas Claxton,PF,20,BRK,15,0,187,6.9,12.2,0.563,0.3,1.8,0.14300000000000002,6.6,10.4,0.634,2.8,5.3,0.524,4.8,6.3,11.2,4.1,0.3,2.0,2.3,3.6,16.7,118.0,110,Forward,0.030895983522142123
Chris Clemons,SG,22,HOU,29,0,251,9.4,23.3,0.405,6.1,17.4,0.35100000000000003,3.3,5.9,0.563,1.1,1.3,0.857,0.6,3.7,4.3,4.1,1.1,0.9,3.1,3.7,26.1,104.0,113,Guard,0.0411946446961895
Antonius Cleveland,SG,25,DAL,6,0,22,4.4,13.2,0.33299999999999996,0.0,2.2,0.0,4.4,11.0,0.4,2.2,4.4,0.5,0.0,6.6,6.6,0.0,2.2,2.2,2.2,4.4,11.0,66.0,108,Guard,0.0411946446961895
Amir Coffey,SG,22,LAC,13,0,98,6.3,15.9,0.39399999999999996,0.5,3.4,0.14300000000000002,5.8,12.5,0.462,0.5,1.4,0.33299999999999996,1.9,4.8,6.7,4.3,0.5,0.5,1.4,5.8,13.5,94.0,112,Guard,0.04531410916580844
John Collins,PF,22,ATL,41,41,1363,12.1,20.7,0.583,2.0,5.0,0.401,10.1,15.7,0.642,4.1,5.1,0.8,4.0,10.3,14.2,2.1,1.1,2.3,2.6,4.7,30.3,124.0,112,Forward,0.02059732234809475
Zach Collins,PF,22,POR,3,3,86,5.0,10.5,0.474,1.7,3.9,0.429,3.3,6.7,0.5,3.3,3.3,1.0,2.2,4.4,6.7,3.3,0.0,1.1,3.3,6.1,15.0,112.0,119,Forward,0.029866117404737384
Mike Conley,PG,32,UTA,41,35,1171,8.2,20.2,0.405,3.3,8.9,0.376,4.9,11.4,0.429,3.9,4.9,0.795,1.1,4.4,5.5,7.4,1.3,0.2,3.2,3.8,23.6,108.0,112,Guard,0.042224510813594233
Pat Connaughton,SG,27,MIL,61,1,1119,4.9,10.7,0.456,1.8,5.6,0.321,3.1,5.1,0.605,1.1,1.5,0.75,2.3,8.3,10.6,3.9,0.8,1.2,1.9,2.5,12.6,113.0,103,Guard,0.05458290422245108
Quinn Cook,PG,26,LAL,38,0,409,8.8,20.1,0.439,2.9,7.7,0.379,5.9,12.4,0.47700000000000004,0.7,1.0,0.667,0.8,3.8,4.7,4.7,1.3,0.1,2.9,2.7,21.3,100.0,110,Guard,0.05046343975283213
Tyler Cook,PF,22,CLE,11,0,35,9.7,13.9,0.7,0.0,0.0,0.0,9.7,13.9,0.7,7.0,8.3,0.833,5.6,8.3,13.9,1.4,1.4,0.0,1.4,5.6,26.4,150.0,116,Forward,0.01956745623069001
Robert Covington,PF,29,TOT,62,60,1867,7.0,16.1,0.43200000000000005,3.7,10.5,0.349,3.3,5.6,0.589,2.1,2.7,0.7959999999999999,1.3,8.5,9.9,1.8,2.4,2.0,2.3,4.9,19.7,106.0,108,Forward,0.03333333333333334
Allen Crabbe,SG,27,TOT,37,1,653,4.5,12.6,0.35600000000000004,2.6,8.5,0.303,1.9,4.1,0.466,0.7,1.0,0.7140000000000001,0.8,4.7,5.5,2.4,1.1,0.3,1.2,3.4,12.3,97.0,117,Guard,0.03333333333333334
Torrey Craig,SF,29,DEN,50,19,869,5.5,11.8,0.462,2.0,6.2,0.33,3.4,5.6,0.606,1.1,1.8,0.645,2.7,6.1,8.9,1.9,1.0,1.8,1.3,6.4,14.1,115.0,110,Forward,0.044284243048403706
Jae Crowder,SF,29,TOT,58,46,1695,5.5,14.3,0.384,3.1,9.9,0.318,2.3,4.4,0.532,2.6,3.4,0.785,1.3,8.5,9.8,4.2,1.9,0.6,1.7,3.5,16.8,109.0,109,Forward,0.03333333333333334
Jarrett Culver,SG,20,MIN,63,35,1506,7.1,17.5,0.40399999999999997,2.0,6.8,0.299,5.1,10.7,0.47100000000000003,1.7,3.6,0.462,2.2,4.4,6.5,3.4,1.8,1.2,2.5,3.9,17.9,94.0,113,Guard,0.01956745623069001
Seth Curry,SG,29,DAL,59,20,1448,8.9,17.8,0.5,4.5,10.0,0.45299999999999996,4.3,7.8,0.56,2.5,2.9,0.841,0.9,3.8,4.6,4.0,1.2,0.3,2.0,3.4,24.8,124.0,114,Guard,0.0411946446961895
Stephen Curry,PG,31,GSW,5,5,139,11.4,28.2,0.402,4.1,16.9,0.245,7.2,11.4,0.636,9.0,9.0,1.0,1.4,7.6,9.0,11.4,1.7,0.7,5.5,3.8,35.8,109.0,113,Guard,0.015447991761071062
Troy Daniels,SG,28,TOT,42,0,457,6.5,16.6,0.39,4.2,11.8,0.354,2.3,4.8,0.478,1.0,1.7,0.625,1.2,3.5,4.8,1.5,0.8,0.3,0.9,3.1,18.1,107.0,111,Guard,0.03333333333333334
Anthony Davis,C,26,LAL,55,55,1889,12.8,25.0,0.511,1.6,4.9,0.335,11.2,20.2,0.5539999999999999,9.7,11.5,0.845,3.1,9.9,13.0,4.3,2.1,3.4,3.4,3.5,37.0,121.0,101,Center,0.05046343975283213
Ed Davis,C,30,UTA,25,0,268,2.5,6.2,0.41200000000000003,0.0,0.0,0.0,2.5,6.2,0.41200000000000003,0.9,2.0,0.455,5.3,12.0,17.3,1.5,1.8,1.6,2.4,10.0,6.0,98.0,104,Center,0.042224510813594233
Terence Davis,SG,22,TOR,64,2,1087,7.9,17.2,0.46299999999999997,3.9,9.7,0.396,4.1,7.4,0.55,2.0,2.3,0.865,2.0,7.5,9.5,4.7,1.4,0.5,2.9,4.6,21.7,113.0,106,Guard,0.04737384140061792
Dewayne Dedmon,C,30,TOT,44,18,774,6.3,15.8,0.4,1.4,6.6,0.20600000000000002,5.0,9.2,0.541,1.9,2.2,0.833,3.7,11.7,15.5,1.4,1.6,2.5,3.5,8.3,15.9,90.0,108,Center,0.03333333333333334
Matthew Dellavedova,PG,29,CLE,57,4,821,3.7,10.4,0.354,1.2,5.4,0.231,2.4,5.0,0.488,1.9,2.2,0.865,1.1,3.4,4.4,10.7,1.2,0.1,3.5,4.6,10.5,103.0,118,Guard,0.01956745623069001
DeMar DeRozan,SF,30,SAS,61,61,2091,11.6,22.0,0.526,0.2,0.7,0.267,11.4,21.3,0.535,7.8,9.2,0.843,0.9,7.0,7.9,7.8,1.4,0.3,3.4,3.8,31.0,117.0,115,Forward,0.027806385169927908
Cheick Diallo,C,23,PHO,44,2,467,9.0,13.9,0.65,0.1,0.2,0.5,8.9,13.7,0.652,3.2,3.8,0.865,2.8,10.0,12.9,2.2,1.0,1.2,3.0,5.5,21.4,119.0,111,Center,0.026776519052523172
Hamidou Diallo,SF,21,OKC,38,3,699,6.9,15.3,0.452,0.5,2.4,0.2,6.4,12.8,0.5,2.0,3.1,0.622,2.0,6.5,8.5,1.5,2.0,0.6,2.6,5.7,16.2,93.0,109,Forward,0.0411946446961895
Gorgui Dieng,C,30,TOT,58,17,1012,7.3,15.8,0.461,2.3,6.5,0.359,4.9,9.2,0.532,2.8,3.8,0.735,4.0,11.4,15.4,3.3,2.2,2.6,2.5,5.1,19.7,112.0,106,Center,0.03333333333333334
Spencer Dinwiddie,SG,26,BRK,64,49,1994,10.1,24.3,0.415,2.9,9.5,0.308,7.2,14.8,0.485,8.3,10.6,0.778,0.8,4.5,5.3,10.3,1.0,0.5,4.1,4.3,31.4,111.0,112,Guard,0.030895983522142123
Donte DiVincenzo,SG,23,MIL,59,22,1362,7.0,15.2,0.462,2.6,7.4,0.344,4.5,7.8,0.5760000000000001,2.0,2.6,0.769,2.0,7.7,9.7,4.6,2.7,0.6,2.4,3.3,18.6,112.0,100,Guard,0.05458290422245108
Luka Dončić,PG,20,DAL,54,54,1799,13.8,29.9,0.461,4.2,13.2,0.318,9.6,16.7,0.574,9.9,13.2,0.752,1.9,11.7,13.5,12.7,1.6,0.3,6.1,3.6,41.7,116.0,108,Guard,0.0411946446961895
Luguentz Dort,SG,20,OKC,29,21,637,5.0,12.0,0.414,1.7,5.6,0.301,3.3,6.4,0.512,2.1,2.8,0.778,1.1,3.0,4.1,1.6,1.8,0.2,1.1,6.0,13.8,105.0,112,Guard,0.0411946446961895
Damyean Dotson,SG,25,NYK,48,0,836,7.0,16.9,0.414,3.4,9.5,0.36200000000000004,3.6,7.4,0.48,1.3,1.9,0.667,0.6,4.7,5.3,3.3,1.3,0.2,1.2,2.6,18.7,109.0,116,Guard,0.021627188465499485
Sekou Doumbouya,SF,19,DET,38,19,754,6.0,15.4,0.39,1.8,6.4,0.28600000000000003,4.2,9.0,0.46399999999999997,2.0,3.0,0.674,1.3,6.4,7.7,1.2,1.3,0.5,2.3,5.2,15.9,90.0,114,Forward,0.02059732234809475
PJ Dozier,PG,23,DEN,21,0,234,7.6,19.2,0.396,1.5,5.9,0.25,6.1,13.3,0.46,1.5,2.3,0.636,1.1,5.3,6.3,6.1,1.5,1.1,2.3,5.7,18.1,96.0,111,Guard,0.044284243048403706
Goran Dragić,PG,33,MIA,54,1,1531,9.3,21.2,0.43700000000000006,3.8,10.0,0.377,5.5,11.2,0.491,5.4,7.1,0.769,0.8,4.5,5.3,8.7,1.0,0.3,4.3,3.4,27.7,110.0,113,Guard,0.042224510813594233
Andre Drummond,C,26,TOT,57,56,1879,10.9,20.5,0.5329999999999999,0.1,0.9,0.14300000000000002,10.8,19.6,0.551,4.4,7.7,0.575,6.5,16.1,22.6,4.0,2.8,2.4,5.3,5.3,26.4,104.0,103,Center,0.03333333333333334
Jared Dudley,SF,34,LAL,40,1,311,3.1,7.7,0.4,2.4,5.2,0.47100000000000003,0.6,2.4,0.25,0.3,0.3,1.0,0.8,5.8,6.6,2.9,1.8,0.5,0.9,5.5,8.9,118.0,107,Forward,0.05046343975283213
Kris Dunn,PG,25,CHI,51,32,1269,5.8,13.0,0.444,1.1,4.3,0.259,4.7,8.7,0.535,1.5,2.0,0.741,0.9,6.2,7.1,6.6,3.8,0.6,2.6,6.0,14.2,104.0,106,Guard,0.02265705458290422
Carsen Edwards,SG,21,BOS,35,0,316,5.7,17.3,0.327,3.2,10.4,0.309,2.4,6.9,0.35600000000000004,1.7,2.0,0.846,0.9,5.7,6.6,3.4,1.5,0.5,2.3,5.1,16.2,92.0,109,Guard,0.044284243048403706
Henry Ellenson,PF,23,BRK,5,0,15,3.2,22.1,0.14300000000000002,0.0,12.7,0.0,3.2,9.5,0.33299999999999996,0.0,0.0,0.0,6.3,12.7,19.0,3.2,0.0,0.0,0.0,3.2,6.3,60.0,110,Forward,0.030895983522142123
Wayne Ellington,SG,32,NYK,36,1,558,5.3,15.2,0.35100000000000003,4.4,12.5,0.35,1.0,2.7,0.355,1.0,1.1,0.846,0.3,5.3,5.7,3.8,1.1,0.3,1.6,3.6,16.0,105.0,116,Guard,0.021627188465499485
Joel Embiid,C,25,PHI,44,44,1329,12.1,25.6,0.474,2.0,5.9,0.348,10.1,19.7,0.511,11.4,14.0,0.8140000000000001,4.5,14.5,19.0,5.0,1.4,2.1,4.9,5.5,37.7,114.0,104,Center,0.04016477857878476
James Ennis,SF,29,TOT,61,10,1053,5.9,13.6,0.435,2.2,6.4,0.33799999999999997,3.7,7.2,0.523,2.9,3.6,0.8079999999999999,2.8,6.4,9.2,2.5,1.3,0.9,2.0,5.0,16.9,111.0,110,Forward,0.03333333333333334
Drew Eubanks,PF,22,SAS,14,3,130,7.8,10.3,0.75,0.4,0.4,1.0,7.4,10.0,0.741,3.0,4.1,0.727,3.0,10.0,12.9,1.8,0.7,2.2,3.7,7.8,18.8,121.0,112,Forward,0.027806385169927908
Jacob Evans,SG,22,TOT,29,1,418,5.2,15.3,0.336,1.5,4.5,0.33299999999999996,3.7,10.9,0.337,2.9,3.3,0.862,1.0,3.7,4.7,3.5,1.3,1.4,2.9,4.7,14.6,86.0,116,Guard,0.03333333333333334
Dante Exum,SG,24,TOT,35,1,485,5.6,11.9,0.47100000000000003,1.5,4.3,0.349,4.1,7.6,0.539,3.2,4.3,0.7440000000000001,1.2,5.5,6.7,4.0,1.3,0.8,3.1,3.8,16.0,106.0,115,Guard,0.03333333333333334
Tacko Fall,C,24,BOS,6,0,24,18.1,24.2,0.75,0.0,0.0,0.0,18.1,24.2,0.75,2.0,6.0,0.33299999999999996,0.0,22.2,22.2,0.0,0.0,4.0,6.0,10.1,38.3,98.0,98,Center,0.044284243048403706
Derrick Favors,C,28,NOP,45,43,1089,8.0,12.9,0.62,0.0,0.3,0.14300000000000002,8.0,12.6,0.631,1.5,2.6,0.581,6.2,12.6,18.9,3.2,1.1,1.9,2.2,4.2,17.6,126.0,108,Center,0.028836251287332648
Cristiano Felício,PF,27,CHI,22,0,386,4.2,6.7,0.63,0.0,0.2,0.0,4.2,6.5,0.654,2.2,2.9,0.7829999999999999,6.9,5.9,12.7,2.0,1.2,0.2,2.2,4.2,10.7,130.0,112,Forward,0.02265705458290422
Terrance Ferguson,SF,21,OKC,50,37,1170,3.1,8.3,0.37200000000000005,1.9,6.4,0.297,1.2,1.8,0.636,0.6,0.8,0.789,1.0,2.1,3.0,1.9,1.1,0.7,1.2,6.0,8.7,100.0,114,Forward,0.0411946446961895
Bruno Fernando,C,21,ATL,56,13,713,6.7,13.0,0.518,0.3,2.4,0.135,6.4,10.6,0.605,1.9,3.3,0.569,4.4,8.6,12.9,3.2,1.2,1.1,2.7,7.0,15.7,107.0,114,Center,0.02059732234809475
Yogi Ferrell,PG,26,SAC,44,0,484,6.8,17.0,0.396,1.9,7.0,0.275,4.8,10.1,0.48,3.2,3.7,0.865,0.6,4.2,4.8,5.9,1.4,0.4,2.5,3.1,18.6,103.0,114,Guard,0.028836251287332648
Dorian Finney-Smith,PF,26,DAL,64,61,1898,5.5,11.7,0.46799999999999997,2.5,6.8,0.374,2.9,4.9,0.599,1.8,2.5,0.722,3.2,5.8,9.0,2.5,1.1,0.9,1.6,3.9,15.2,122.0,112,Forward,0.0411946446961895
Bryn Forbes,SG,26,SAS,63,62,1579,7.4,17.7,0.41700000000000004,4.5,11.6,0.38799999999999996,2.9,6.1,0.47,2.3,2.7,0.833,0.4,3.5,3.8,3.3,1.0,0.0,1.7,3.4,21.5,109.0,118,Guard,0.027806385169927908
Evan Fournier,SG,27,ORL,61,61,1931,10.3,22.0,0.47,4.2,10.3,0.406,6.1,11.7,0.525,4.2,5.2,0.82,0.4,3.5,4.0,4.9,1.8,0.4,3.0,3.7,29.0,112.0,112,Guard,0.030895983522142123
De'Aaron Fox,PG,22,SAC,45,43,1426,11.3,23.7,0.475,1.6,5.2,0.307,9.6,18.4,0.523,7.4,10.5,0.703,1.0,5.2,6.2,10.4,2.2,0.8,4.8,4.4,31.5,110.0,111,Guard,0.028836251287332648
Melvin Frazier,SG,23,ORL,15,0,51,5.7,16.3,0.353,3.8,6.7,0.5710000000000001,1.9,9.6,0.2,1.9,3.8,0.5,1.0,2.9,3.8,1.0,3.8,1.9,2.9,7.7,17.2,86.0,105,Guard,0.030895983522142123
Michael Frazier,SG,25,HOU,8,0,66,2.8,7.7,0.364,1.4,5.6,0.25,1.4,2.1,0.667,2.8,4.2,0.667,0.7,1.4,2.1,0.7,1.4,0.0,1.4,9.2,9.9,99.0,115,Guard,0.0411946446961895
Tim Frazier,PG,29,DET,27,11,355,4.7,13.0,0.36200000000000004,1.4,4.2,0.33299999999999996,3.3,8.9,0.375,2.6,3.3,0.792,1.2,3.3,4.6,12.9,1.9,0.6,5.0,5.8,13.4,99.0,114,Guard,0.02059732234809475
Markelle Fultz,PG,21,ORL,64,59,1813,8.6,18.2,0.473,0.8,3.2,0.254,7.8,15.0,0.52,2.7,3.8,0.723,0.9,4.8,5.7,9.0,2.2,0.3,3.5,3.4,20.8,105.0,110,Guard,0.030895983522142123
Wenyen Gabriel,PF,22,TOT,28,1,210,4.6,10.5,0.435,1.4,4.6,0.3,3.2,5.9,0.5379999999999999,3.2,4.6,0.7,4.1,6.4,10.5,1.8,2.3,1.4,3.7,8.0,13.7,101.0,111,Forward,0.03333333333333334
Daniel Gafford,C,21,CHI,43,7,609,7.4,10.6,0.701,0.0,0.0,0.0,7.4,10.6,0.701,2.5,4.7,0.5329999999999999,4.1,4.3,8.4,1.7,1.0,4.4,2.3,7.8,17.4,124.0,109,Center,0.02265705458290422
Danilo Gallinari,PF,31,OKC,55,55,1690,9.5,21.6,0.439,4.8,11.6,0.409,4.7,10.0,0.474,6.7,7.6,0.8859999999999999,0.9,7.8,8.7,3.3,1.2,0.1,2.0,1.9,30.4,119.0,111,Forward,0.0411946446961895
Langston Galloway,SG,28,DET,66,6,1702,6.8,15.7,0.435,3.8,9.6,0.39899999999999997,3.0,6.1,0.493,2.1,2.5,0.8590000000000001,1.0,3.4,4.3,2.9,1.4,0.3,1.2,2.8,19.6,118.0,116,Guard,0.02059732234809475
Darius Garland,PG,20,CLE,59,59,1824,7.5,18.6,0.401,2.8,7.9,0.355,4.7,10.7,0.434,1.7,1.9,0.875,0.7,2.2,3.0,6.1,1.1,0.1,4.0,2.5,19.4,96.0,119,Guard,0.01956745623069001
Marc Gasol,C,35,TOR,36,35,990,4.8,11.4,0.419,2.5,6.1,0.402,2.3,5.3,0.44,1.3,1.7,0.722,1.4,9.6,11.0,6.0,1.3,1.6,2.1,4.9,13.3,112.0,104,Center,0.04737384140061792
Rudy Gay,PF,33,SAS,60,5,1287,8.3,18.7,0.442,2.2,6.9,0.314,6.1,11.8,0.517,3.7,4.2,0.8759999999999999,2.1,9.9,12.0,3.8,1.0,1.0,2.9,3.3,22.4,105.0,113,Forward,0.027806385169927908
Paul George,SF,29,LAC,42,42,1222,11.2,26.0,0.43200000000000005,5.1,12.8,0.39899999999999997,6.1,13.2,0.46299999999999997,6.4,7.2,0.882,0.8,8.4,9.3,6.3,2.2,0.8,4.4,3.9,34.0,111.0,105,Forward,0.04531410916580844
Taj Gibson,C,34,NYK,62,56,1025,7.9,13.6,0.584,0.2,0.7,0.28600000000000003,7.7,12.9,0.599,1.9,2.7,0.732,5.3,7.4,12.7,2.5,1.3,1.4,2.2,5.8,18.0,121.0,113,Center,0.021627188465499485
Harry Giles,PF,21,SAC,38,17,579,9.8,17.4,0.56,0.0,0.0,0.0,9.8,17.4,0.56,2.8,3.6,0.767,2.8,10.6,13.4,4.1,1.8,1.2,2.9,8.4,22.3,112.0,109,Forward,0.028836251287332648
Shai Gilgeous-Alexander,SG,21,OKC,63,63,2214,9.7,20.6,0.473,1.7,4.9,0.35100000000000003,8.0,15.7,0.511,5.6,7.0,0.8009999999999999,1.0,7.5,8.4,4.6,1.5,1.0,2.6,2.4,26.7,111.0,109,Guard,0.0411946446961895
Rudy Gobert,C,27,UTA,62,62,2142,8.0,11.5,0.698,0.0,0.0,0.0,8.0,11.5,0.698,5.2,8.4,0.621,4.8,14.5,19.3,2.1,1.1,2.8,2.7,4.5,21.3,130.0,103,Center,0.042224510813594233
Brandon Goodwin,PG,24,ATL,34,1,430,8.2,20.6,0.4,2.8,9.4,0.299,5.4,11.2,0.485,3.0,3.3,0.9329999999999999,1.2,6.6,7.8,5.5,1.3,0.4,3.1,4.7,22.3,101.0,116,Guard,0.02059732234809475
Aaron Gordon,PF,24,ORL,58,58,1914,8.0,18.5,0.433,1.7,5.8,0.301,6.3,12.8,0.49200000000000005,3.5,5.2,0.675,2.6,8.6,11.2,5.5,1.3,0.9,2.4,3.0,21.2,107.0,110,Forward,0.030895983522142123
Eric Gordon,SG,31,HOU,34,13,972,7.7,20.9,0.37,4.4,13.8,0.319,3.3,7.2,0.467,3.7,4.9,0.757,0.4,2.7,3.1,2.5,1.1,0.6,1.7,3.3,23.6,103.0,115,Guard,0.0411946446961895
Devonte' Graham,PG,24,CHO,63,53,2211,8.3,21.8,0.382,4.9,13.3,0.373,3.4,8.6,0.397,4.3,5.3,0.82,1.0,3.9,4.8,10.7,1.4,0.3,4.1,2.6,25.9,109.0,116,Guard,0.02368692070030896
Treveon Graham,SG,26,TOT,55,20,929,4.4,12.1,0.36,1.7,6.0,0.275,2.7,6.1,0.44299999999999995,1.8,2.8,0.643,2.6,5.0,7.5,2.3,1.2,0.3,1.5,5.1,12.2,99.0,116,Guard,0.03333333333333334
Jerami Grant,PF,25,DEN,64,22,1676,7.7,16.4,0.47100000000000003,2.6,6.5,0.4,5.2,10.0,0.518,3.8,5.1,0.7440000000000001,1.6,5.1,6.7,2.3,1.3,1.5,1.6,4.2,21.9,116.0,111,Forward,0.044284243048403706
Josh Gray,PG,26,NOP,2,0,23,2.0,4.0,0.5,0.0,0.0,0.0,2.0,4.0,0.5,0.0,0.0,0.0,2.0,2.0,4.0,4.0,0.0,0.0,10.0,2.0,4.0,47.0,119,Guard,0.028836251287332648
Danny Green,SG,32,LAL,61,61,1529,5.5,13.2,0.419,3.5,9.3,0.37799999999999995,2.0,3.9,0.516,1.0,1.4,0.727,1.4,5.0,6.4,2.7,2.4,0.9,1.7,4.0,15.6,111.0,106,Guard,0.05046343975283213
Draymond Green,PF,29,GSW,43,43,1222,4.8,12.4,0.389,1.4,5.1,0.27899999999999997,3.4,7.3,0.465,2.5,3.3,0.759,0.9,9.5,10.4,10.4,2.3,1.3,3.8,4.3,13.5,100.0,110,Forward,0.015447991761071062
JaMychal Green,PF,29,LAC,55,0,1130,5.2,12.6,0.414,3.1,8.5,0.363,2.1,4.1,0.52,1.3,1.8,0.727,3.1,11.4,14.5,1.8,1.0,0.8,1.9,6.1,14.9,111.0,106,Forward,0.04531410916580844
Javonte Green,SF,26,BOS,44,1,414,5.7,11.4,0.5,0.7,2.7,0.261,5.0,8.8,0.573,2.7,4.2,0.639,2.1,7.2,9.3,2.7,2.7,0.8,2.1,4.3,14.8,110.0,105,Forward,0.044284243048403706
Jeff Green,PF,33,TOT,40,2,754,7.4,16.7,0.444,3.1,8.8,0.348,4.3,7.9,0.5529999999999999,3.6,4.7,0.7809999999999999,1.5,5.7,7.2,2.0,1.3,1.0,2.3,4.1,21.5,110.0,110,Forward,0.03333333333333334
Blake Griffin,PF,30,DET,18,18,512,8.5,24.0,0.35200000000000004,2.6,10.7,0.243,5.9,13.4,0.439,7.3,9.4,0.7759999999999999,1.6,6.4,8.1,5.7,0.7,0.7,3.8,2.6,26.8,97.0,115,Forward,0.02059732234809475
Marko Guduric,SG,24,MEM,42,0,476,6.0,15.1,0.396,2.5,7.9,0.309,3.5,7.2,0.493,2.3,2.5,0.92,1.4,5.6,7.0,4.4,1.2,0.8,3.5,3.3,16.7,97.0,113,Guard,0.032955715756951595
Kyle Guy,SG,22,SAC,2,0,4,12.2,24.4,0.5,0.0,12.2,0.0,12.2,12.2,1.0,0.0,0.0,0.0,0.0,0.0,0.0,0.0,0.0,0.0,0.0,0.0,24.4,98.0,120,Guard,0.028836251287332648
Rui Hachimura,PF,21,WAS,41,41,1217,8.4,17.5,0.478,0.8,2.8,0.27399999999999997,7.6,14.7,0.517,3.5,4.3,0.8290000000000001,2.4,7.1,9.5,2.7,1.3,0.3,1.6,3.4,21.0,112.0,117,Forward,0.024716786817713696
Devon Hall,SG,24,OKC,5,0,20,2.4,12.2,0.2,0.0,4.9,0.0,2.4,7.3,0.33299999999999996,7.3,9.7,0.75,0.0,2.4,2.4,7.3,0.0,0.0,2.4,2.4,12.2,86.0,117,Guard,0.0411946446961895
Donta Hall,PF,22,DET,4,0,48,1.0,4.1,0.25,0.0,0.0,0.0,1.0,4.1,0.25,4.1,6.1,0.667,6.1,9.2,15.4,2.0,1.0,1.0,2.0,9.2,6.1,111.0,112,Forward,0.02059732234809475
Dusty Hannahs,SG,26,MEM,2,0,13,14.4,32.3,0.444,7.2,10.8,0.667,7.2,21.6,0.33299999999999996,7.2,7.2,1.0,0.0,3.6,3.6,0.0,0.0,0.0,0.0,3.6,43.1,120.0,118,Guard,0.032955715756951595
Tim Hardaway Jr.,SG,27,DAL,63,50,1815,9.2,21.1,0.43700000000000006,4.9,12.1,0.40700000000000003,4.3,9.0,0.478,3.2,4.0,0.8009999999999999,0.6,4.7,5.3,3.3,1.0,0.1,1.6,2.8,26.6,116.0,114,Guard,0.0411946446961895
James Harden,SG,30,HOU,61,61,2241,12.5,28.7,0.435,5.6,15.9,0.35200000000000004,6.9,12.8,0.5379999999999999,12.8,14.9,0.861,1.3,6.7,8.0,9.3,2.2,1.1,5.7,4.3,43.5,120.0,109,Guard,0.0411946446961895
Maurice Harkless,SF,26,TOT,62,48,1427,4.7,9.4,0.502,1.1,3.3,0.34700000000000003,3.6,6.2,0.584,1.3,2.2,0.591,1.8,6.2,8.0,2.3,1.9,1.1,1.8,4.9,11.9,110.0,108,Forward,0.03333333333333334
Jared Harper,PG,22,PHO,3,0,8,5.9,23.7,0.25,0.0,11.8,0.0,5.9,11.8,0.5,0.0,0.0,0.0,0.0,0.0,0.0,0.0,0.0,0.0,0.0,0.0,11.8,54.0,120,Guard,0.026776519052523172
Montrezl Harrell,C,26,LAC,63,2,1749,12.7,21.9,0.58,0.0,0.5,0.0,12.7,21.4,0.593,6.2,9.5,0.6579999999999999,4.4,7.6,12.0,2.9,1.1,1.9,2.9,3.9,31.6,119.0,107,Center,0.04531410916580844
Gary Harris,SG,25,DEN,56,55,1780,6.0,14.4,0.42,1.9,5.8,0.33299999999999996,4.1,8.6,0.479,2.1,2.6,0.815,0.7,3.8,4.5,3.3,2.1,0.4,1.7,3.2,16.1,105.0,111,Guard,0.044284243048403706
Joe Harris,SF,28,BRK,63,63,1946,8.1,17.2,0.47100000000000003,3.7,9.0,0.41200000000000003,4.4,8.2,0.536,1.5,2.0,0.747,1.5,5.2,6.6,3.2,0.9,0.4,2.3,3.4,21.4,112.0,112,Forward,0.030895983522142123
Tobias Harris,PF,27,PHI,65,65,2243,10.7,22.7,0.47200000000000003,2.5,7.0,0.36200000000000004,8.2,15.7,0.521,3.3,4.1,0.8059999999999999,1.2,8.4,9.5,4.4,1.1,0.8,2.1,3.2,27.3,112.0,109,Forward,0.04016477857878476
Shaquille Harrison,SF,26,CHI,43,10,484,7.7,16.4,0.467,1.6,4.2,0.381,6.1,12.2,0.496,3.9,5.0,0.78,2.2,6.4,8.6,4.9,3.4,1.9,1.9,5.5,20.8,116.0,105,Forward,0.02265705458290422
Josh Hart,SF,24,NOP,57,14,1563,5.9,14.2,0.41600000000000004,3.3,9.6,0.342,2.6,4.6,0.5710000000000001,2.0,2.7,0.747,1.6,9.3,10.9,2.8,1.7,0.6,1.9,4.3,17.1,109.0,110,Forward,0.028836251287332648
Isaiah Hartenstein,C,21,HOU,23,2,266,7.7,11.7,0.657,0.0,0.9,0.0,7.7,10.8,0.71,3.3,4.9,0.679,5.1,10.7,15.7,3.1,1.6,2.1,2.8,7.2,18.7,128.0,107,Center,0.0411946446961895
Udonis Haslem,PF,39,MIA,3,0,21,2.3,14.0,0.16699999999999998,0.0,4.7,0.0,2.3,9.3,0.25,7.0,9.3,0.75,0.0,18.6,18.6,2.3,0.0,0.0,0.0,7.0,11.6,79.0,108,Forward,0.042224510813594233
Jaxson Hayes,C,19,NOP,56,12,951,7.5,11.4,0.66,0.0,0.2,0.25,7.5,11.2,0.667,5.3,8.4,0.63,4.0,6.9,10.8,2.5,1.1,2.6,2.0,6.9,20.4,131.0,110,Center,0.028836251287332648
Gordon Hayward,SF,29,BOS,45,45,1501,9.8,19.6,0.502,2.4,6.1,0.392,7.4,13.5,0.5529999999999999,3.0,3.6,0.847,1.4,8.0,9.5,6.0,1.1,0.6,2.5,2.6,25.1,118.0,108,Forward,0.044284243048403706
John Henson,PF,29,TOT,40,8,600,7.7,13.9,0.556,0.7,2.9,0.222,7.1,11.0,0.644,1.9,3.7,0.5,3.7,9.4,13.2,4.4,2.0,3.4,2.9,6.3,18.0,112.0,109,Forward,0.03333333333333334
Dewan Hernandez,C,23,TOR,4,0,11,4.3,21.7,0.2,0.0,4.3,0.0,4.3,17.4,0.25,8.7,8.7,1.0,8.7,21.7,30.4,0.0,4.3,0.0,4.3,26.0,17.4,80.0,90,Center,0.04737384140061792
Juan Hernangómez,PF,24,TOT,48,14,833,5.7,14.2,0.405,2.5,7.4,0.341,3.2,6.8,0.475,2.5,4.1,0.62,2.5,8.9,11.3,2.3,1.1,0.5,1.8,3.7,16.6,105.0,112,Forward,0.03333333333333334
Willy Hernangómez,C,25,CHO,31,0,375,9.9,18.6,0.532,0.7,2.9,0.22699999999999998,9.2,15.6,0.59,4.9,7.9,0.627,5.7,12.2,17.9,3.9,1.3,0.9,4.0,4.3,25.4,110.0,110,Center,0.02368692070030896
Tyler Herro,SG,20,MIA,47,6,1280,8.4,20.3,0.414,3.8,9.7,0.391,4.6,10.7,0.434,2.5,3.0,0.835,0.5,6.6,7.1,3.5,1.1,0.3,2.8,2.3,23.1,100.0,112,Guard,0.042224510813594233
Kevin Hervey,PF,23,OKC,7,0,19,2.6,28.2,0.091,0.0,20.5,0.0,2.6,7.7,0.33299999999999996,0.0,0.0,0.0,0.0,5.1,5.1,2.6,0.0,0.0,0.0,2.6,5.1,26.0,115,Forward,0.0411946446961895
Mario Hezonja,PF,24,POR,47,4,767,5.0,11.7,0.429,1.3,4.0,0.32799999999999996,3.7,7.8,0.48,2.6,3.2,0.8240000000000001,1.6,8.5,10.1,2.6,1.7,0.6,2.3,5.7,14.0,104.0,113,Forward,0.029866117404737384
Buddy Hield,SG,27,SAC,64,44,2045,10.9,25.3,0.429,5.8,14.7,0.395,5.1,10.6,0.47700000000000004,2.7,3.1,0.855,1.4,5.9,7.3,4.7,1.4,0.4,3.6,3.6,30.2,107.0,113,Guard,0.028836251287332648
George Hill,PG,33,MIL,52,0,1103,7.4,13.9,0.53,3.0,6.3,0.48,4.4,7.6,0.5710000000000001,2.9,3.4,0.831,1.9,4.5,6.4,6.3,1.7,0.2,2.0,3.1,20.6,132.0,105,Guard,0.05458290422245108
Solomon Hill,SF,28,TOT,54,4,992,4.7,11.7,0.40299999999999997,2.8,7.4,0.37799999999999995,1.9,4.3,0.446,1.4,2.0,0.7140000000000001,1.3,6.0,7.3,4.6,1.7,0.6,2.2,3.7,13.7,107.0,111,Forward,0.03333333333333334
Jaylen Hoard,SF,20,POR,13,0,103,6.9,14.8,0.469,0.0,1.4,0.0,6.9,13.4,0.517,3.7,6.0,0.615,6.5,8.3,14.8,1.9,2.3,0.0,1.9,5.6,17.6,113.0,112,Forward,0.029866117404737384
Aaron Holiday,PG,23,IND,58,26,1368,7.2,17.7,0.40700000000000003,2.8,7.2,0.39399999999999996,4.3,10.4,0.41600000000000004,2.2,2.6,0.861,0.7,4.0,4.7,6.9,1.6,0.5,2.7,3.6,19.4,104.0,111,Guard,0.04016477857878476
Jrue Holiday,SG,29,NOP,55,55,1922,10.1,22.4,0.452,2.8,7.7,0.35700000000000004,7.4,14.6,0.502,2.9,4.1,0.7,1.7,4.8,6.4,9.1,2.2,1.1,3.8,3.0,25.9,109.0,111,Guard,0.028836251287332648
Justin Holiday,SG,30,IND,65,2,1617,5.7,13.0,0.44,3.7,8.7,0.424,2.0,4.3,0.47200000000000003,1.4,1.8,0.78,0.9,5.3,6.2,2.6,2.3,1.3,1.2,3.6,16.5,116.0,108,Guard,0.04016477857878476
Rondae Hollis-Jefferson,SF,25,TOR,52,5,998,6.6,14.1,0.47100000000000003,0.1,0.8,0.11800000000000001,6.6,13.3,0.493,4.5,6.2,0.736,4.9,7.3,12.1,4.3,2.1,1.1,2.3,5.0,17.9,115.0,104,Forward,0.04737384140061792
Richaun Holmes,C,26,SAC,39,33,1125,9.1,13.9,0.654,0.0,0.0,0.0,9.1,13.9,0.654,3.5,4.3,0.8,5.1,9.0,14.1,1.7,1.7,2.4,2.1,6.6,21.7,131.0,108,Center,0.028836251287332648
Rodney Hood,SF,27,POR,21,21,619,6.7,13.2,0.506,2.7,5.5,0.493,4.0,7.8,0.515,1.6,2.1,0.778,0.8,4.8,5.5,2.5,1.3,0.3,1.5,3.5,17.7,121.0,117,Forward,0.029866117404737384
Al Horford,C,33,PHI,60,57,1848,7.6,17.2,0.442,2.3,6.9,0.337,5.3,10.3,0.513,1.4,1.9,0.753,2.4,8.4,10.8,6.4,1.4,1.4,1.7,3.4,19.0,114.0,108,Center,0.04016477857878476
Talen Horton-Tucker,SG,19,LAL,2,0,5,0.0,9.5,0.0,0.0,9.5,0.0,0.0,0.0,0.0,0.0,0.0,0.0,0.0,0.0,0.0,19.0,9.5,0.0,0.0,0.0,0.0,93.0,94,Guard,0.05046343975283213
Danuel House,SF,26,HOU,58,47,1739,5.5,12.9,0.42700000000000005,3.0,8.3,0.363,2.5,4.6,0.544,1.8,2.3,0.8,1.5,5.1,6.6,2.1,1.7,0.9,1.3,3.2,15.8,116.0,111,Forward,0.0411946446961895
Dwight Howard,C,34,LAL,62,2,1193,7.5,10.3,0.732,0.1,0.2,0.6,7.4,10.1,0.7340000000000001,3.5,7.2,0.494,6.2,12.0,18.2,1.7,1.1,3.0,2.9,8.0,18.7,126.0,102,Center,0.05046343975283213
William Howard,SG,26,HOU,2,0,13,0.0,14.3,0.0,0.0,14.3,0.0,0.0,0.0,0.0,0.0,0.0,0.0,0.0,7.1,7.1,3.6,0.0,0.0,3.6,3.6,0.0,14.0,115,Guard,0.0411946446961895
Kevin Huerter,SG,21,ATL,56,48,1760,6.7,16.1,0.413,3.4,8.8,0.38,3.3,7.3,0.45299999999999996,1.4,1.7,0.828,0.9,5.1,6.0,5.6,1.4,0.7,2.3,3.7,18.1,107.0,116,Guard,0.02059732234809475
De'Andre Hunter,SF,22,ATL,63,62,2018,6.5,15.8,0.41,2.5,7.0,0.355,4.0,8.8,0.45399999999999996,2.5,3.3,0.764,1.0,5.6,6.6,2.6,1.0,0.4,2.4,4.2,18.0,100.0,117,Forward,0.02059732234809475
Chandler Hutchison,SF,23,CHI,28,10,527,7.3,16.0,0.457,1.1,3.5,0.316,6.2,12.5,0.496,4.2,7.1,0.59,1.6,8.2,9.9,2.4,2.5,0.6,2.5,4.3,19.9,101.0,108,Forward,0.02265705458290422
Serge Ibaka,C,30,TOR,50,27,1377,11.2,21.6,0.518,2.3,5.8,0.39799999999999996,8.9,15.8,0.562,3.1,4.1,0.748,3.6,10.7,14.3,2.5,0.8,1.5,3.5,4.8,27.8,110.0,104,Center,0.04737384140061792
Andre Iguodala,SG,36,MIA,14,0,259,4.7,9.6,0.49,1.7,4.5,0.375,3.0,5.1,0.593,0.4,1.5,0.25,1.9,8.1,10.0,5.3,1.5,3.0,3.2,5.3,11.5,103.0,106,Guard,0.042224510813594233
Ersan İlyasova,PF,32,MIL,56,8,895,7.0,14.8,0.47200000000000003,2.3,6.3,0.371,4.6,8.5,0.5479999999999999,3.2,3.8,0.8270000000000001,3.1,11.0,14.1,2.4,1.2,0.7,1.7,4.4,19.5,119.0,101,Forward,0.05458290422245108
Joe Ingles,SF,32,UTA,64,37,1916,5.5,12.6,0.441,3.1,7.9,0.397,2.4,4.7,0.516,1.7,2.1,0.774,0.6,5.9,6.5,8.4,1.5,0.2,3.2,3.4,15.9,114.0,111,Forward,0.042224510813594233
Brandon Ingram,PF,22,NOP,56,56,1919,11.3,24.2,0.466,3.3,8.5,0.387,8.0,15.7,0.509,6.8,7.9,0.858,1.2,7.2,8.4,5.8,1.3,0.9,4.2,3.9,32.7,112.0,112,Forward,0.028836251287332648
Kyrie Irving,PG,27,BRK,20,20,658,14.4,30.0,0.478,4.0,10.2,0.39399999999999996,10.3,19.8,0.522,6.8,7.4,0.922,1.6,5.8,7.4,9.2,1.9,0.7,3.7,3.8,39.5,119.0,109,Guard,0.030895983522142123
Jonathan Isaac,SF,22,ORL,32,32,949,7.7,16.6,0.46299999999999997,1.5,4.7,0.33,6.1,11.9,0.515,2.9,3.8,0.767,2.9,8.5,11.4,2.3,2.6,4.0,2.4,4.1,19.8,106.0,102,Forward,0.030895983522142123
Wesley Iwundu,SF,25,ORL,45,18,810,4.6,11.7,0.397,1.3,4.0,0.313,3.4,7.7,0.441,3.7,4.6,0.816,1.4,5.4,6.8,2.8,1.5,0.7,1.1,3.7,14.3,111.0,111,Forward,0.030895983522142123
Frank Jackson,PG,21,NOP,51,1,656,7.0,18.1,0.385,2.7,8.5,0.325,4.2,9.6,0.43799999999999994,3.4,4.5,0.75,1.3,3.7,5.0,2.9,1.1,0.3,3.0,4.7,20.1,97.0,115,Guard,0.028836251287332648
Jaren Jackson Jr.,C,20,MEM,54,54,1512,10.1,21.7,0.46799999999999997,4.2,10.5,0.397,6.0,11.1,0.535,3.8,5.1,0.741,1.6,6.2,7.8,2.3,1.1,2.7,2.9,6.8,28.2,109.0,110,Center,0.032955715756951595
Josh Jackson,SG,22,MEM,18,0,357,8.9,20.3,0.439,3.0,9.4,0.319,5.9,10.9,0.542,3.8,5.8,0.659,1.4,6.1,7.6,4.1,2.4,1.2,3.3,5.1,24.6,102.0,109,Guard,0.032955715756951595
Justin Jackson,PF,24,DAL,58,2,929,6.5,16.2,0.39899999999999997,2.3,7.9,0.298,4.1,8.3,0.494,1.9,2.3,0.818,1.4,6.0,7.4,2.6,0.6,0.5,0.6,3.0,17.1,110.0,114,Forward,0.0411946446961895
Reggie Jackson,PG,29,TOT,23,11,556,9.3,22.4,0.41600000000000004,3.9,9.9,0.39799999999999996,5.4,12.6,0.431,3.1,3.8,0.8140000000000001,1.3,4.5,5.8,8.8,0.9,0.4,3.5,3.5,25.7,109.0,114,Guard,0.03333333333333334
Justin James,SG,23,SAC,34,0,218,7.4,17.5,0.423,2.0,5.8,0.34600000000000003,5.4,11.6,0.462,2.2,4.7,0.47600000000000003,1.3,5.4,6.7,3.6,1.3,2.0,1.8,3.6,19.0,100.0,111,Guard,0.028836251287332648
LeBron James,SF,35,LAL,60,60,2094,13.3,26.7,0.498,3.0,8.7,0.349,10.3,18.1,0.57,5.4,7.8,0.6970000000000001,1.3,9.4,10.7,14.5,1.7,0.7,5.4,2.4,35.1,117.0,105,Forward,0.05046343975283213
Amile Jefferson,PF,26,ORL,18,0,74,3.3,9.2,0.35700000000000004,0.0,0.0,0.0,3.3,9.2,0.35700000000000004,3.3,9.2,0.35700000000000004,6.6,8.6,15.2,2.6,0.7,2.0,2.0,4.6,9.9,94.0,109,Forward,0.030895983522142123
DaQuan Jeffries,SG,22,SAC,6,0,19,7.7,18.0,0.429,2.6,10.3,0.25,5.1,7.7,0.667,0.0,0.0,0.0,2.6,0.0,2.6,2.6,2.6,0.0,0.0,7.7,18.0,114.0,114,Guard,0.028836251287332648
Ty Jerome,PG,22,PHO,28,0,315,5.6,15.9,0.349,2.0,7.1,0.27699999999999997,3.6,8.9,0.40700000000000003,1.7,2.1,0.7859999999999999,0.9,5.3,6.2,6.5,2.1,0.5,2.7,4.2,14.7,93.0,112,Guard,0.026776519052523172
Alize Johnson,SF,23,IND,13,0,54,6.3,13.5,0.467,0.0,0.0,0.0,6.3,13.5,0.467,3.6,5.4,0.667,6.3,9.9,16.2,1.8,0.0,0.0,2.7,5.4,16.2,107.0,111,Forward,0.04016477857878476
B.J. Johnson,SF,24,ORL,8,0,46,5.3,19.1,0.278,1.1,6.4,0.16699999999999998,4.2,12.7,0.33299999999999996,2.1,2.1,1.0,1.1,5.3,6.4,2.1,2.1,0.0,3.2,0.0,13.8,69.0,111,Forward,0.030895983522142123
Cameron Johnson,PF,23,PHO,49,1,996,6.5,15.4,0.418,4.3,10.9,0.397,2.1,4.6,0.469,1.7,2.2,0.7609999999999999,1.9,4.8,6.7,2.5,1.4,0.8,1.4,3.4,18.9,114.0,113,Forward,0.026776519052523172
James Johnson,PF,32,TOT,32,1,619,7.9,16.5,0.479,2.5,7.0,0.363,5.4,9.5,0.565,2.4,3.7,0.6459999999999999,1.9,7.1,9.1,5.7,1.9,2.5,3.7,6.1,20.7,107.0,108,Forward,0.03333333333333334
Keldon Johnson,SF,20,SAS,9,0,92,8.4,16.2,0.516,1.0,2.6,0.4,7.3,13.6,0.5379999999999999,3.7,5.2,0.7,2.6,6.3,8.9,3.1,2.6,0.5,1.6,4.7,21.4,117.0,112,Forward,0.027806385169927908
Stanley Johnson,PF,23,TOR,20,0,96,4.0,15.4,0.258,1.0,6.5,0.154,3.0,8.9,0.33299999999999996,2.5,3.0,0.833,1.5,9.4,10.9,4.0,2.0,1.0,4.0,5.0,11.4,72.0,103,Forward,0.04737384140061792
Tyler Johnson,SG,27,PHO,31,3,515,6.0,15.7,0.38,2.2,7.6,0.289,3.8,8.1,0.466,2.2,2.9,0.75,0.9,3.9,4.8,4.6,1.1,0.7,2.2,4.0,16.4,98.0,114,Guard,0.026776519052523172
Nikola Jokić,C,24,DEN,65,65,2101,12.0,22.8,0.528,1.7,5.3,0.314,10.4,17.5,0.594,5.1,6.3,0.813,3.6,11.9,15.6,10.5,1.8,1.0,4.7,4.7,30.9,119.0,106,Center,0.044284243048403706
Damian Jones,C,24,ATL,55,27,887,6.4,9.4,0.68,0.1,0.5,0.222,6.3,8.9,0.7040000000000001,3.3,4.4,0.738,3.9,6.9,10.8,1.8,1.4,2.1,1.5,7.8,16.1,138.0,113,Center,0.02059732234809475
Derrick Jones Jr.,SF,22,MIA,51,15,1249,6.5,12.7,0.514,1.3,4.9,0.27,5.2,7.7,0.67,3.4,4.4,0.779,2.2,6.1,8.3,2.2,2.1,1.4,1.1,4.5,17.8,124.0,108,Forward,0.042224510813594233
Tyus Jones,PG,23,MEM,65,6,1232,7.5,16.3,0.45899999999999996,1.8,4.7,0.379,5.7,11.6,0.49200000000000005,1.6,2.2,0.741,0.3,3.6,3.9,10.8,2.2,0.2,2.1,1.7,18.3,116.0,112,Guard,0.032955715756951595
DeAndre Jordan,C,31,BRK,56,6,1234,7.3,11.0,0.6659999999999999,0.0,0.0,0.0,7.3,11.0,0.6659999999999999,3.2,4.7,0.68,5.4,16.1,21.6,4.0,0.7,2.0,2.8,4.4,17.9,128.0,104,Center,0.030895983522142123
Cory Joseph,PG,28,SAC,64,22,1538,4.9,11.7,0.42,1.5,4.2,0.35100000000000003,3.4,7.5,0.46,1.5,1.8,0.828,1.2,4.0,5.2,6.9,1.5,0.7,2.0,3.8,12.8,111.0,114,Guard,0.028836251287332648
Mfiondu Kabengele,C,22,LAC,12,0,64,10.3,23.6,0.43799999999999994,6.6,14.7,0.45,3.7,8.8,0.41700000000000004,3.7,3.7,1.0,0.7,7.4,8.1,1.5,1.5,1.5,1.5,6.6,30.9,119.0,106,Center,0.04531410916580844
Frank Kaminsky,C,26,PHO,32,13,718,8.4,18.4,0.455,2.6,7.4,0.348,5.8,11.0,0.527,3.9,5.8,0.67,2.0,8.4,10.4,4.7,0.9,0.7,2.2,4.6,23.2,111.0,113,Center,0.026776519052523172
Enes Kanter,C,27,BOS,51,6,891,9.6,16.9,0.5660000000000001,0.1,0.4,0.14300000000000002,9.5,16.5,0.5760000000000001,3.4,4.8,0.708,7.7,13.7,21.4,2.7,1.1,2.1,2.8,4.6,22.6,121.0,103,Center,0.044284243048403706
Luke Kennard,SG,23,DET,28,25,922,8.1,18.2,0.442,3.9,9.8,0.39899999999999997,4.2,8.5,0.491,3.6,4.0,0.893,0.5,4.7,5.2,6.1,0.6,0.3,2.3,3.5,23.6,117.0,117,Guard,0.02059732234809475
Stanton Kidd,SF,27,UTA,4,0,15,0.0,9.8,0.0,0.0,3.3,0.0,0.0,6.5,0.0,0.0,0.0,0.0,0.0,9.8,9.8,3.3,0.0,0.0,6.5,9.8,0.0,13.0,112,Forward,0.042224510813594233
Michael Kidd-Gilchrist,PF-SF,26,TOT,21,0,231,4.1,12.9,0.317,1.1,4.3,0.25,3.0,8.6,0.35,1.9,2.4,0.818,2.6,9.2,11.8,2.8,0.4,1.1,2.8,6.9,11.2,84.0,113,Forward,0.03333333333333334
Louis King,SF,20,DET,10,0,62,6.3,16.7,0.381,3.2,8.7,0.364,3.2,7.9,0.4,0.0,2.4,0.0,0.8,7.1,7.9,4.0,1.6,0.0,1.6,7.9,15.9,93.0,113,Forward,0.02059732234809475
Maxi Kleber,C,28,DAL,66,21,1695,6.1,13.3,0.45899999999999996,3.1,8.2,0.374,3.1,5.1,0.594,2.0,2.3,0.863,2.8,7.3,10.1,2.2,0.6,2.2,1.4,4.4,17.3,123.0,111,Center,0.0411946446961895
Brandon Knight,PG,28,TOT,25,3,462,6.2,17.7,0.353,4.8,13.9,0.344,1.5,3.8,0.389,2.1,3.6,0.588,0.4,3.9,4.3,7.3,1.1,0.3,4.0,4.2,19.4,98.0,117,Guard,0.03333333333333334
Kevin Knox,SF,20,NYK,65,4,1166,6.0,16.7,0.359,2.7,8.3,0.327,3.3,8.4,0.391,2.8,4.2,0.653,1.2,6.5,7.7,2.5,1.0,1.2,1.9,4.4,17.5,97.0,114,Forward,0.021627188465499485
John Konchar,SG,23,MEM,15,0,167,6.4,9.8,0.657,1.1,2.5,0.444,5.3,7.3,0.731,0.3,0.6,0.5,5.0,7.8,12.9,5.9,2.0,0.8,1.7,2.0,14.3,143.0,110,Guard,0.032955715756951595
Furkan Korkmaz,SG,22,PHI,64,12,1398,7.7,17.9,0.43200000000000005,4.4,11.0,0.397,3.3,6.8,0.48700000000000004,1.8,2.5,0.736,0.6,4.6,5.1,2.4,1.3,0.5,1.8,3.1,21.7,109.0,111,Guard,0.04016477857878476
Luke Kornet,C,24,CHI,36,14,559,7.1,16.1,0.439,2.7,9.3,0.287,4.4,6.8,0.6459999999999999,1.7,2.4,0.7140000000000001,1.9,5.3,7.2,2.8,0.9,2.2,1.2,4.7,18.5,112.0,111,Center,0.02265705458290422
Kyle Korver,SF,38,MIL,50,0,833,6.1,14.2,0.429,4.7,11.4,0.415,1.4,2.9,0.48100000000000004,1.5,1.9,0.8240000000000001,0.8,4.9,5.7,3.3,1.2,0.7,2.3,3.7,18.4,112.0,105,Forward,0.05458290422245108
Rodions Kurucs,PF,21,BRK,39,4,501,5.7,12.7,0.44799999999999995,2.4,6.2,0.385,3.3,6.5,0.507,1.6,2.7,0.607,1.7,7.5,9.2,3.1,1.6,0.3,3.3,6.3,15.3,99.0,109,Forward,0.030895983522142123
Kyle Kuzma,PF,24,LAL,54,7,1327,9.1,21.1,0.43200000000000005,2.5,8.5,0.297,6.6,12.6,0.523,3.4,4.7,0.738,1.7,7.0,8.7,2.5,0.8,0.8,3.0,3.8,24.2,100.0,109,Forward,0.05046343975283213
Skal Labissière,C,23,POR,33,1,567,6.8,12.4,0.551,0.3,1.1,0.231,6.6,11.3,0.5820000000000001,2.1,2.8,0.758,5.5,8.7,14.2,3.5,0.6,2.6,2.5,7.5,16.0,121.0,113,Center,0.029866117404737384
Jeremy Lamb,SG,27,IND,46,42,1291,8.2,18.1,0.451,2.0,6.0,0.335,6.2,12.1,0.508,3.5,4.2,0.836,0.9,6.6,7.5,3.6,2.1,0.8,1.9,3.9,21.8,108.0,108,Guard,0.04016477857878476
Romeo Langford,SG,20,BOS,27,1,298,3.9,10.4,0.375,0.8,3.7,0.217,3.1,6.7,0.46299999999999997,2.6,3.7,0.696,2.3,2.9,5.2,1.0,1.3,1.0,1.5,4.7,11.2,98.0,110,Guard,0.044284243048403706
Zach LaVine,SG,24,CHI,60,60,2085,12.5,27.7,0.45,4.3,11.2,0.38,8.2,16.5,0.49700000000000005,6.2,7.7,0.802,0.9,5.7,6.7,5.9,2.0,0.6,4.8,3.0,35.3,106.0,110,Guard,0.02265705458290422
Vic Law,SF,24,ORL,5,0,9,0.0,16.3,0.0,0.0,5.4,0.0,0.0,10.8,0.0,0.0,10.8,0.0,0.0,5.4,5.4,0.0,0.0,0.0,0.0,0.0,0.0,0.0,116,Forward,0.030895983522142123
Jake Layman,PF,25,MIN,23,2,505,7.4,16.5,0.45299999999999996,2.2,6.6,0.33299999999999996,5.2,9.8,0.5329999999999999,2.2,2.9,0.75,1.6,3.7,5.2,1.4,1.6,0.9,2.2,4.3,19.3,102.0,114,Forward,0.01956745623069001
T.J. Leaf,PF,22,IND,25,1,193,7.6,17.4,0.435,1.3,3.5,0.35700000000000004,6.3,13.9,0.455,1.8,3.0,0.583,5.3,10.9,16.2,1.5,2.0,0.8,1.8,4.5,18.2,103.0,105,Forward,0.04016477857878476
Jalen Lecque,PG,19,PHO,4,0,26,7.3,18.2,0.4,0.0,7.3,0.0,7.3,10.9,0.667,3.6,3.6,1.0,0.0,0.0,0.0,3.6,0.0,0.0,1.8,3.6,18.2,94.0,120,Guard,0.026776519052523172
Courtney Lee,SG,34,DAL,24,9,345,5.6,11.5,0.488,2.9,6.6,0.447,2.7,4.9,0.5429999999999999,0.8,1.0,0.857,1.0,3.5,4.5,1.7,2.5,0.8,1.5,4.6,15.0,117.0,110,Guard,0.0411946446961895
Damion Lee,SG,27,GSW,49,36,1423,7.2,17.2,0.41700000000000004,2.9,8.0,0.35600000000000004,4.3,9.1,0.47100000000000003,3.7,4.2,0.873,1.1,7.0,8.0,4.5,1.7,0.2,2.3,3.9,20.9,108.0,114,Guard,0.015447991761071062
Alex Len,C,26,TOT,49,9,895,8.8,15.8,0.556,0.7,2.9,0.25,8.1,12.9,0.626,3.0,4.8,0.637,5.0,10.4,15.4,2.5,1.2,2.4,2.6,6.0,21.4,116.0,111,Center,0.03333333333333334
Kawhi Leonard,SF,28,LAC,51,51,1643,13.7,29.2,0.469,3.1,8.4,0.366,10.6,20.8,0.51,8.9,10.0,0.889,1.5,9.2,10.7,7.3,2.6,0.9,4.0,2.8,39.3,116.0,104,Forward,0.04531410916580844
Meyers Leonard,C,27,MIA,49,49,987,5.7,11.1,0.52,2.5,5.9,0.429,3.2,5.2,0.625,0.8,1.3,0.654,1.3,11.0,12.3,2.6,0.6,0.7,1.7,5.1,14.9,117.0,110,Center,0.042224510813594233
Caris LeVert,SG,25,BRK,39,25,1131,10.6,25.5,0.414,3.0,7.9,0.381,7.6,17.6,0.429,4.9,6.8,0.72,1.7,5.0,6.7,6.7,1.8,0.3,4.1,3.0,29.0,101.0,110,Guard,0.030895983522142123
Damian Lillard,PG,29,POR,58,58,2140,11.8,25.9,0.457,5.0,12.8,0.39399999999999996,6.8,13.1,0.518,8.7,9.8,0.888,0.7,4.9,5.6,10.1,1.3,0.5,3.7,2.2,37.3,125.0,116,Guard,0.029866117404737384
Nassir Little,PF,19,POR,48,5,573,5.4,12.6,0.43,1.2,4.9,0.237,4.2,7.7,0.5539999999999999,2.3,3.7,0.636,2.6,6.4,9.0,1.8,1.1,1.2,1.2,6.0,14.3,108.0,115,Forward,0.029866117404737384
Kevon Looney,C,23,GSW,20,4,262,5.3,14.4,0.36700000000000005,0.2,2.6,0.071,5.1,11.9,0.431,1.6,2.2,0.75,5.1,6.9,12.1,3.7,2.2,1.1,2.2,6.2,12.4,94.0,112,Center,0.015447991761071062
Brook Lopez,C,31,MIL,61,60,1622,6.9,16.1,0.42700000000000005,2.4,8.0,0.29600000000000004,4.5,8.1,0.557,2.8,3.4,0.81,1.2,6.5,7.7,2.7,1.2,4.2,1.8,4.1,18.9,106.0,99,Center,0.05458290422245108
Robin Lopez,C,31,MIL,60,4,862,7.3,14.5,0.502,1.7,5.1,0.344,5.5,9.4,0.588,1.2,2.3,0.535,2.8,5.0,7.7,2.2,0.5,2.2,2.9,4.2,17.5,104.0,104,Center,0.05458290422245108
Kevin Love,PF,31,CLE,56,56,1780,8.9,19.9,0.45,4.0,10.7,0.374,4.9,9.2,0.537,5.1,6.0,0.8540000000000001,1.5,13.5,15.0,4.9,0.9,0.5,3.8,2.5,27.0,112.0,113,Forward,0.01956745623069001
Kyle Lowry,PG,33,TOR,52,52,1901,7.8,18.6,0.41700000000000004,3.8,10.8,0.354,3.9,7.8,0.505,6.4,7.4,0.861,0.8,5.5,6.3,10.0,1.8,0.6,3.9,4.2,25.8,117.0,107,Guard,0.04737384140061792
Timothé Luwawu-Cabarrot,SG,24,BRK,39,0,671,5.5,13.6,0.406,2.8,7.7,0.358,2.8,5.9,0.47,3.7,4.4,0.8390000000000001,1.7,4.7,6.4,1.8,1.1,0.4,2.3,5.7,17.5,108.0,111,Guard,0.030895983522142123
Trey Lyles,PF,24,SAS,63,53,1271,5.8,13.0,0.446,2.5,6.3,0.387,3.3,6.6,0.503,1.2,1.7,0.733,2.7,11.0,13.6,2.6,1.1,1.1,1.5,3.7,15.3,113.0,113,Forward,0.027806385169927908
Daryl Macon,SG,24,MIA,4,0,14,3.5,10.5,0.33299999999999996,3.5,7.0,0.5,0.0,3.5,0.0,0.0,0.0,0.0,0.0,0.0,0.0,3.5,0.0,0.0,7.0,3.5,10.5,65.0,118,Guard,0.042224510813594233
J.P. Macura,SG,24,CLE,1,0,1,0.0,0.0,0.0,0.0,0.0,0.0,0.0,0.0,0.0,0.0,0.0,0.0,0.0,0.0,0.0,0.0,0.0,0.0,0.0,0.0,0.0,0.0,123,Guard,0.01956745623069001
Josh Magette,PG,30,ORL,8,0,38,6.4,19.3,0.33299999999999996,1.3,5.1,0.25,5.1,14.1,0.364,1.3,2.6,0.5,1.3,6.4,7.7,6.4,3.9,1.3,6.4,5.1,15.4,71.0,104,Guard,0.030895983522142123
Ian Mahinmi,C,33,WAS,38,35,808,6.0,12.1,0.495,0.3,1.5,0.192,5.7,10.6,0.5379999999999999,4.0,6.5,0.619,4.5,8.1,12.6,2.8,1.8,2.5,2.6,6.6,16.3,111.0,112,Center,0.024716786817713696
Thon Maker,C,22,DET,60,14,776,5.9,12.2,0.48200000000000004,1.4,4.1,0.344,4.5,8.2,0.55,4.6,7.0,0.664,3.4,7.2,10.6,2.7,1.6,2.5,2.9,6.5,17.8,111.0,110,Center,0.02059732234809475
Terance Mann,SG,23,LAC,35,6,271,3.8,9.4,0.40700000000000003,0.5,2.1,0.25,3.3,7.3,0.452,1.6,2.1,0.75,0.7,5.0,5.7,6.6,1.4,0.9,2.4,6.3,9.7,101.0,109,Guard,0.04531410916580844
Boban Marjanović,C,31,DAL,37,2,337,13.8,24.9,0.555,0.6,2.2,0.267,13.2,22.7,0.5820000000000001,5.2,6.8,0.7659999999999999,7.6,14.4,22.0,1.9,1.0,1.0,3.7,6.8,33.3,117.0,107,Center,0.0411946446961895
Lauri Markkanen,PF,22,CHI,50,50,1492,8.1,19.1,0.425,3.5,10.2,0.344,4.6,8.8,0.518,4.1,4.9,0.8240000000000001,1.9,8.2,10.1,2.4,1.4,0.7,2.6,3.1,23.8,108.0,110,Forward,0.02265705458290422
Caleb Martin,SF,24,CHO,18,1,317,5.8,13.3,0.44,3.2,5.8,0.541,2.7,7.4,0.36200000000000004,2.7,3.3,0.81,1.6,4.4,6.0,3.6,1.9,1.1,2.4,5.1,17.5,113.0,113,Forward,0.02368692070030896
Cody Martin,SF,24,CHO,48,3,903,4.9,11.5,0.43,1.0,4.3,0.23399999999999999,3.9,7.2,0.546,2.3,3.6,0.6459999999999999,2.1,6.7,8.8,5.3,2.2,0.5,2.4,4.3,13.2,104.0,112,Forward,0.02368692070030896
Jeremiah Martin,PG,23,BRK,3,0,16,3.0,14.8,0.2,0.0,3.0,0.0,3.0,11.9,0.25,0.0,0.0,0.0,0.0,5.9,5.9,5.9,3.0,3.0,0.0,0.0,5.9,66.0,104,Guard,0.030895983522142123
Kelan Martin,SF,24,MIN,31,4,495,6.7,17.0,0.392,2.3,9.0,0.26,4.3,8.0,0.541,2.8,2.9,0.968,1.1,7.9,9.0,2.2,0.7,0.8,1.9,4.8,18.5,100.0,114,Forward,0.01956745623069001
Frank Mason III,PG,25,MIL,6,0,53,4.3,16.4,0.263,1.7,8.6,0.2,2.6,7.8,0.33299999999999996,1.7,3.4,0.5,2.6,4.3,6.9,9.5,1.7,0.0,5.2,3.4,12.1,80.0,105,Guard,0.05458290422245108
Garrison Mathews,SG,23,WAS,18,0,227,4.9,11.5,0.429,3.9,9.5,0.413,1.0,2.1,0.5,6.4,7.0,0.912,1.2,3.7,4.9,2.1,1.6,0.2,1.6,6.6,20.2,133.0,118,Guard,0.024716786817713696
Wesley Matthews,SG,33,MIL,62,62,1529,4.8,12.0,0.397,3.0,8.3,0.365,1.7,3.7,0.46799999999999997,1.4,1.9,0.762,0.6,4.2,4.8,2.7,1.1,0.3,1.2,2.7,14.0,109.0,106,Guard,0.05458290422245108
Patrick McCaw,SF,24,TOR,37,12,908,3.5,8.5,0.414,1.2,3.7,0.324,2.3,4.8,0.484,0.7,0.9,0.722,1.0,3.5,4.5,4.2,2.0,0.2,1.5,3.2,8.9,105.0,108,Forward,0.04737384140061792
CJ McCollum,SG,28,POR,62,62,2229,11.7,25.9,0.45299999999999996,3.7,9.8,0.38,8.0,16.1,0.49700000000000005,2.6,3.5,0.75,0.9,4.6,5.4,5.7,1.0,0.8,2.5,3.4,29.8,111.0,117,Guard,0.029866117404737384
T.J. McConnell,PG,27,IND,63,3,1188,7.7,14.8,0.517,0.2,0.6,0.33299999999999996,7.5,14.2,0.524,1.2,1.5,0.833,1.3,5.4,6.7,13.0,1.8,0.5,3.5,2.8,16.8,113.0,110,Guard,0.04016477857878476
Jalen McDaniels,PF,22,CHO,16,0,293,5.6,12.0,0.47100000000000003,1.5,4.1,0.375,4.1,7.9,0.522,2.4,2.9,0.8240000000000001,2.6,8.5,11.1,2.2,1.4,0.5,1.9,6.2,15.2,112.0,113,Forward,0.02368692070030896
Doug McDermott,PF,28,IND,62,0,1242,9.5,19.3,0.491,4.6,10.4,0.445,4.8,8.9,0.544,1.7,2.0,0.8270000000000001,0.9,5.2,6.1,2.7,0.4,0.2,1.6,4.2,25.2,118.0,113,Forward,0.04016477857878476
JaVale McGee,C,32,LAL,61,61,1023,8.4,13.2,0.64,0.1,0.3,0.5,8.3,12.9,0.643,2.3,3.5,0.653,5.2,11.3,16.5,1.6,1.4,4.3,2.2,6.7,19.3,126.0,100,Center,0.05046343975283213
Rodney McGruder,SG,28,LAC,50,3,749,3.8,9.8,0.391,1.4,5.0,0.278,2.5,4.8,0.506,0.9,1.8,0.536,1.6,6.4,8.1,1.9,1.4,0.5,1.3,4.2,10.0,99.0,108,Guard,0.04531410916580844
Alfonzo McKinnie,SF,27,CLE,40,1,593,6.0,14.0,0.42700000000000005,1.1,5.3,0.215,4.8,8.7,0.557,1.8,2.5,0.71,3.0,6.2,9.3,1.1,1.9,0.7,2.1,5.9,14.9,99.0,115,Forward,0.01956745623069001
Jordan McLaughlin,PG,23,MIN,30,2,590,6.8,14.0,0.489,2.3,6.0,0.382,4.6,8.0,0.569,2.0,3.1,0.667,0.6,3.3,3.9,9.8,2.7,0.3,2.4,2.4,18.0,121.0,113,Guard,0.01956745623069001
Ben McLemore,SG,26,HOU,63,19,1437,6.8,15.2,0.445,5.0,12.6,0.395,1.8,2.6,0.688,1.5,2.0,0.758,0.6,3.8,4.5,1.7,1.2,0.4,1.5,4.2,20.0,118.0,114,Guard,0.0411946446961895
Jordan McRae,SG,28,TOT,37,4,784,8.9,22.0,0.40700000000000003,2.7,7.6,0.35700000000000004,6.2,14.4,0.433,5.0,6.5,0.7609999999999999,1.1,6.4,7.4,5.6,1.3,1.0,2.6,4.4,25.6,105.0,116,Guard,0.03333333333333334
Nicolò Melli,C,29,NOP,52,6,889,6.4,14.4,0.442,3.4,9.4,0.361,3.0,5.1,0.5920000000000001,2.3,3.1,0.733,1.9,6.2,8.2,3.5,1.6,1.0,2.2,5.5,18.5,114.0,112,Center,0.028836251287332648
De'Anthony Melton,PG,21,MEM,52,8,1011,6.8,16.3,0.419,1.7,5.4,0.316,5.1,10.9,0.47,4.0,4.9,0.821,1.7,7.2,8.9,7.3,3.0,0.8,3.6,4.2,19.4,105.0,108,Guard,0.032955715756951595
Chimezie Metu,PF,22,SAS,16,0,73,13.2,23.0,0.5710000000000001,0.0,0.7,0.0,13.2,22.4,0.588,3.9,5.3,0.75,6.6,10.5,17.1,3.9,0.7,2.6,3.3,2.6,30.3,117.0,112,Forward,0.027806385169927908
Khris Middleton,SF,28,MIL,55,52,1653,11.7,23.5,0.499,3.7,8.8,0.418,8.0,14.7,0.547,4.9,5.4,0.9079999999999999,1.1,8.3,9.4,6.2,1.4,0.2,3.1,3.4,32.0,119.0,103,Forward,0.05458290422245108
Eric Mika,PF,25,SAC,1,0,19,5.1,7.7,0.667,0.0,0.0,0.0,5.1,7.7,0.667,5.1,5.1,1.0,5.1,12.8,18.0,0.0,0.0,0.0,0.0,12.8,15.4,173.0,113,Forward,0.028836251287332648
C.J. Miles,SG,32,WAS,10,0,161,5.5,17.1,0.322,3.2,10.1,0.314,2.3,7.0,0.33299999999999996,4.3,5.8,0.75,1.2,2.3,3.5,3.5,2.9,1.2,1.2,4.1,18.6,103.0,115,Guard,0.024716786817713696
Malcolm Miller,SF,26,TOR,25,1,125,3.1,9.2,0.33299999999999996,2.3,7.3,0.316,0.8,1.9,0.4,0.4,2.3,0.16699999999999998,0.4,5.0,5.3,3.1,1.5,0.8,1.1,4.6,8.8,91.0,108,Forward,0.04737384140061792
Patty Mills,PG,31,SAS,63,1,1430,8.3,19.3,0.429,5.0,13.1,0.38,3.3,6.3,0.529,3.1,3.6,0.861,0.6,2.7,3.3,3.8,1.7,0.2,1.7,3.3,24.7,115.0,117,Guard,0.027806385169927908
Paul Millsap,PF,34,DEN,44,41,1075,8.6,17.8,0.486,2.2,5.0,0.44,6.4,12.8,0.504,4.8,5.8,0.833,4.0,7.9,11.9,3.2,1.7,1.3,2.8,5.8,24.3,117.0,108,Forward,0.044284243048403706
Shake Milton,SG,23,PHI,32,16,611,8.6,17.3,0.498,3.8,8.4,0.45299999999999996,4.8,8.8,0.541,3.1,4.1,0.765,0.9,4.5,5.4,5.6,1.5,0.5,3.0,5.5,24.1,117.0,110,Guard,0.04016477857878476
Donovan Mitchell,SG,23,UTA,63,63,2165,12.6,27.8,0.45299999999999996,3.5,9.6,0.364,9.1,18.2,0.501,5.6,6.5,0.8590000000000001,1.0,5.2,6.2,5.9,1.5,0.3,3.8,3.5,34.3,110.0,111,Guard,0.042224510813594233
Naz Mitrou-Long,SG,26,IND,3,0,43,6.8,18.1,0.375,2.3,12.5,0.182,4.5,5.7,0.8,0.0,0.0,0.0,0.0,6.8,6.8,7.9,1.1,1.1,2.3,1.1,15.9,94.0,109,Guard,0.04016477857878476
Adam Mokoka,SG,21,CHI,11,0,112,5.2,12.0,0.429,2.6,6.5,0.4,2.6,5.6,0.462,0.9,1.7,0.5,3.0,1.3,4.3,1.7,1.7,0.0,0.9,7.3,13.8,115.0,114,Guard,0.02265705458290422
Malik Monk,SG,21,CHO,55,1,1169,9.1,20.9,0.434,2.5,8.7,0.284,6.6,12.2,0.542,3.5,4.3,0.82,1.2,5.6,6.7,4.9,1.1,0.7,3.3,3.2,24.2,102.0,115,Guard,0.02368692070030896
Matt Mooney,SG,22,CLE,4,0,19,2.6,10.2,0.25,0.0,5.1,0.0,2.6,5.1,0.5,0.0,0.0,0.0,0.0,7.7,7.7,2.6,5.1,2.6,0.0,2.6,5.1,69.0,104,Guard,0.01956745623069001
E'Twaun Moore,SG,30,NOP,51,5,958,8.4,19.8,0.424,2.9,7.7,0.375,5.5,12.1,0.456,1.4,2.1,0.674,1.4,4.5,5.9,3.5,1.4,0.5,1.8,3.7,21.1,104.0,114,Guard,0.028836251287332648
Ja Morant,PG,20,MEM,59,59,1771,10.4,21.1,0.491,1.3,3.7,0.36700000000000005,9.0,17.4,0.517,5.4,7.0,0.77,1.2,4.3,5.5,10.8,1.4,0.4,5.0,2.4,27.4,110.0,113,Guard,0.032955715756951595
Juwan Morgan,PF,22,UTA,16,0,74,5.9,11.2,0.529,0.7,3.3,0.2,5.3,7.9,0.667,0.0,0.0,0.0,3.3,9.2,12.5,1.3,0.0,0.7,2.0,4.6,12.5,108.0,111,Forward,0.042224510813594233
Marcus Morris,SF-PF,30,TOT,55,55,1727,9.1,21.0,0.433,3.7,9.1,0.41,5.4,11.9,0.451,4.8,5.9,0.823,1.5,6.3,7.9,2.2,1.2,0.8,2.5,4.5,26.8,111.0,113,Forward,0.03333333333333334
Markieff Morris,PF,30,TOT,52,16,1106,8.4,18.8,0.445,3.6,9.3,0.386,4.8,9.5,0.502,2.9,3.7,0.7829999999999999,1.5,7.3,8.8,3.3,1.2,0.7,3.3,5.3,23.2,104.0,113,Forward,0.03333333333333334
Monte Morris,PG,24,DEN,65,8,1402,7.8,17.0,0.45899999999999996,1.9,5.1,0.375,5.9,12.0,0.494,1.8,2.2,0.823,0.7,3.2,3.9,8.1,1.9,0.6,1.6,2.3,19.3,117.0,112,Guard,0.044284243048403706
Johnathan Motley,PF,24,LAC,13,0,41,12.6,17.2,0.733,1.1,1.1,1.0,11.5,16.1,0.7140000000000001,5.7,8.0,0.7140000000000001,3.4,8.0,11.5,9.2,3.4,0.0,5.7,6.9,32.2,131.0,103,Forward,0.04531410916580844
Emmanuel Mudiay,PG,23,UTA,48,1,752,8.8,18.7,0.47100000000000003,1.8,4.9,0.355,7.1,13.8,0.512,3.4,4.5,0.754,1.1,6.4,7.5,6.9,1.2,0.6,4.2,4.1,22.8,105.0,110,Guard,0.042224510813594233
Mychal Mulder,SG,25,GSW,7,3,204,6.1,15.7,0.38799999999999996,3.8,12.2,0.308,2.3,3.5,0.667,2.1,2.8,0.75,0.7,4.7,5.4,1.9,0.5,0.2,1.2,4.7,18.1,104.0,118,Guard,0.015447991761071062
Dejounte Murray,PG,23,SAS,58,50,1447,8.5,17.8,0.475,1.1,3.0,0.37799999999999995,7.3,14.8,0.494,2.5,3.1,0.7979999999999999,2.2,8.9,11.1,7.9,3.3,0.5,3.6,4.2,20.5,107.0,109,Guard,0.027806385169927908
Jamal Murray,PG,22,DEN,55,55,1804,10.5,23.2,0.455,2.9,8.3,0.345,7.7,14.8,0.517,4.3,4.8,0.893,1.1,4.8,5.9,7.3,1.8,0.4,3.4,2.7,28.3,111.0,111,Guard,0.044284243048403706
Džanan Musa,SF,20,BRK,35,0,404,5.9,16.3,0.36,1.8,7.6,0.231,4.1,8.7,0.473,3.9,5.2,0.75,2.2,6.1,8.3,3.6,1.5,0.1,3.4,2.9,17.4,93.0,110,Forward,0.030895983522142123
Mike Muscala,C,28,OKC,41,0,492,6.3,15.7,0.40299999999999997,4.3,11.9,0.358,2.1,3.9,0.5379999999999999,1.8,2.2,0.818,1.3,8.0,9.3,3.4,0.8,1.1,1.4,5.0,18.7,113.0,110,Center,0.0411946446961895
Sviatoslav Mykhailiuk,SF,22,DET,56,27,1265,6.5,15.7,0.41,4.5,11.1,0.40399999999999997,2.0,4.7,0.425,2.2,2.7,0.8140000000000001,0.7,3.4,4.0,4.1,1.6,0.2,2.4,3.4,19.6,110.0,116,Forward,0.02059732234809475
Abdel Nader,SF,26,OKC,48,5,756,6.4,14.2,0.455,2.5,6.8,0.371,3.9,7.4,0.53,3.1,4.0,0.774,0.9,4.9,5.8,2.3,1.3,1.3,2.3,4.2,18.5,107.0,111,Forward,0.0411946446961895
Larry Nance Jr.,C,27,CLE,56,10,1472,7.6,14.2,0.531,1.9,5.3,0.35200000000000004,5.7,9.0,0.636,1.7,2.4,0.6759999999999999,3.5,10.0,13.5,4.1,1.9,0.7,2.0,3.0,18.6,122.0,113,Center,0.01956745623069001
Shabazz Napier,PG,28,TOT,51,30,1234,6.4,15.6,0.41200000000000003,2.7,8.4,0.32,3.7,7.2,0.518,4.4,5.3,0.823,0.9,4.6,5.5,9.5,2.5,0.3,4.2,3.5,19.9,109.0,114,Guard,0.03333333333333334
Raul Neto,PG,27,PHI,49,3,565,6.8,15.0,0.451,2.4,6.1,0.39399999999999996,4.4,8.9,0.49,2.2,2.7,0.8390000000000001,0.9,3.5,4.5,6.6,1.9,0.4,3.6,3.7,18.2,106.0,110,Guard,0.04016477857878476
Malik Newman,SG,22,CLE,1,0,4,0.0,24.3,0.0,0.0,12.2,0.0,0.0,12.2,0.0,24.3,24.3,1.0,0.0,0.0,0.0,0.0,0.0,0.0,12.2,0.0,24.3,58.0,123,Guard,0.01956745623069001
Georges Niang,PF,26,UTA,58,0,772,7.6,16.7,0.45299999999999996,4.9,11.7,0.41600000000000004,2.7,5.1,0.5379999999999999,1.2,1.4,0.8640000000000001,0.8,6.1,6.9,2.2,0.8,0.3,1.6,4.0,21.2,116.0,112,Forward,0.042224510813594233
Nerlens Noel,C,25,OKC,55,6,1014,8.4,12.2,0.685,0.0,0.1,0.33299999999999996,8.3,12.1,0.6890000000000001,3.6,4.7,0.765,3.9,9.1,13.0,2.5,2.7,3.9,2.6,6.9,20.4,130.0,102,Center,0.0411946446961895
Zach Norvell,SG,22,TOT,5,0,41,3.5,14.0,0.25,3.5,9.3,0.375,0.0,4.7,0.0,1.2,1.2,1.0,0.0,7.0,7.0,3.5,2.3,0.0,3.5,4.7,11.7,74.0,112,Guard,0.03333333333333334
Jaylen Nowell,SG,20,MIN,15,0,151,5.8,16.3,0.358,0.9,8.0,0.115,4.9,8.3,0.593,4.9,5.2,0.941,0.9,3.1,4.0,5.8,0.9,0.3,0.9,3.4,17.5,109.0,117,Guard,0.01956745623069001
Frank Ntilikina,PG,21,NYK,57,26,1187,5.4,13.7,0.39299999999999996,1.8,5.6,0.321,3.6,8.0,0.444,2.1,2.4,0.8640000000000001,0.9,4.0,5.0,7.1,2.2,0.7,2.9,5.8,14.6,103.0,113,Guard,0.021627188465499485
Kendrick Nunn,SG,24,MIA,62,62,1846,10.1,22.5,0.44799999999999995,3.5,9.6,0.36200000000000004,6.6,12.9,0.512,2.0,2.4,0.8370000000000001,0.5,3.9,4.5,5.6,1.4,0.3,2.7,3.8,25.7,106.0,113,Guard,0.042224510813594233
David Nwaba,SF,27,BRK,20,0,268,6.6,12.6,0.521,2.1,5.0,0.429,4.4,7.6,0.581,3.2,4.8,0.667,1.4,6.6,8.0,1.4,1.9,2.1,1.4,5.7,18.4,120.0,106,Forward,0.030895983522142123
Royce O'Neale,PF,26,UTA,64,55,1862,3.7,8.4,0.439,2.1,5.5,0.389,1.5,2.9,0.536,0.9,1.3,0.735,0.6,8.3,8.9,4.3,1.2,0.7,1.3,4.7,10.5,119.0,109,Forward,0.042224510813594233
Kyle O'Quinn,C,29,PHI,26,1,258,6.6,13.6,0.486,1.3,4.3,0.304,5.3,9.2,0.5710000000000001,1.9,3.6,0.526,6.0,12.4,18.5,6.6,0.9,4.1,3.4,6.6,16.4,113.0,103,Center,0.04016477857878476
Semi Ojeleye,PF,25,BOS,61,5,891,3.5,8.6,0.409,2.0,5.3,0.36700000000000005,1.6,3.3,0.475,1.4,1.5,0.893,1.3,5.4,6.7,1.7,1.0,0.3,0.7,3.4,10.4,119.0,111,Forward,0.044284243048403706
Jahlil Okafor,C,24,NOP,28,9,424,9.6,15.7,0.611,0.1,0.2,0.5,9.5,15.5,0.613,4.0,6.3,0.638,5.0,8.0,13.0,3.9,0.8,2.1,3.9,6.9,23.3,116.0,111,Center,0.028836251287332648
Elie Okobo,PG,22,PHO,54,3,707,4.8,12.1,0.39799999999999996,1.7,4.8,0.35200000000000004,3.1,7.4,0.42700000000000005,3.1,4.5,0.687,1.1,4.8,5.9,7.6,1.6,0.3,2.5,3.5,14.4,107.0,113,Guard,0.026776519052523172
Josh Okogie,SG,21,MIN,62,28,1547,5.1,11.9,0.42700000000000005,1.2,4.6,0.266,3.9,7.3,0.529,4.6,5.7,0.7959999999999999,2.6,5.4,8.0,3.0,2.0,0.8,2.6,4.2,16.0,108.0,113,Guard,0.01956745623069001
KZ Okpala,SF,20,MIA,5,0,26,5.6,9.4,0.6,0.0,1.9,0.0,5.6,7.5,0.75,1.9,3.8,0.5,1.9,7.5,9.4,1.9,3.8,1.9,1.9,3.8,13.2,110.0,103,Forward,0.042224510813594233
Victor Oladipo,SG,27,IND,13,10,337,9.1,23.3,0.391,3.0,10.0,0.304,6.1,13.3,0.457,4.6,5.9,0.78,1.0,4.9,5.9,5.6,1.6,0.4,4.0,3.0,25.9,96.0,110,Guard,0.04016477857878476
Kelly Olynyk,C,28,MIA,59,6,1089,6.8,14.2,0.47600000000000003,3.6,8.3,0.43200000000000005,3.2,5.9,0.5379999999999999,3.1,3.7,0.8540000000000001,1.7,10.0,11.6,4.4,1.7,0.8,2.8,6.5,20.3,117.0,108,Center,0.042224510813594233
Miye Oni,SG,22,UTA,5,0,11,0.0,8.9,0.0,0.0,4.4,0.0,0.0,4.4,0.0,0.0,0.0,0.0,0.0,8.9,8.9,0.0,0.0,0.0,4.4,0.0,0.0,0.0,113,Guard,0.042224510813594233
Cedi Osman,SF,24,CLE,65,65,1910,6.8,15.5,0.43700000000000006,3.1,8.2,0.38299999999999995,3.6,7.3,0.49700000000000005,1.6,2.4,0.67,1.0,4.9,5.9,3.9,1.4,0.4,2.3,4.1,18.3,107.0,117,Forward,0.01956745623069001
Kelly Oubre Jr.,SF,24,PHO,56,55,1933,9.1,20.2,0.452,2.6,7.5,0.35200000000000004,6.5,12.7,0.511,4.7,6.0,0.78,1.6,7.2,8.8,2.1,1.7,1.0,2.0,4.7,25.6,109.0,111,Forward,0.026776519052523172
Tariq Owens,PF,24,PHO,3,0,15,3.2,15.8,0.2,0.0,6.3,0.0,3.2,9.5,0.33299999999999996,6.3,6.3,1.0,6.3,3.2,9.5,0.0,3.2,0.0,0.0,3.2,12.6,95.0,111,Forward,0.026776519052523172
Jeremy Pargo,PG,33,GSW,3,0,44,12.0,23.9,0.5,3.3,7.6,0.429,8.7,16.3,0.5329999999999999,0.0,1.1,0.0,1.1,2.2,3.3,8.7,1.1,0.0,4.4,8.7,27.2,103.0,119,Guard,0.015447991761071062
Jabari Parker,PF,24,TOT,33,23,852,10.9,21.8,0.499,1.7,6.3,0.267,9.2,15.5,0.594,3.0,4.1,0.743,3.0,7.7,10.7,3.3,2.3,0.8,3.3,5.1,26.5,106.0,113,Forward,0.03333333333333334
Chandler Parsons,SF,31,ATL,5,0,54,4.3,15.5,0.278,3.5,12.1,0.28600000000000003,0.9,3.5,0.25,0.0,0.0,0.0,0.9,5.2,6.0,2.6,3.5,0.9,2.6,2.6,12.1,77.0,112,Forward,0.02059732234809475
Eric Paschall,PF,23,GSW,60,26,1654,9.2,18.5,0.49700000000000005,1.1,3.7,0.287,8.1,14.8,0.55,4.7,6.1,0.774,2.4,5.6,8.0,3.7,0.9,0.4,2.7,3.6,24.2,110.0,117,Forward,0.015447991761071062
Anžejs Pasečņiks,C,24,WAS,24,0,405,6.5,12.2,0.528,0.0,0.2,0.0,6.5,12.0,0.5379999999999999,3.7,6.2,0.593,4.5,6.9,11.4,2.0,0.9,1.4,2.5,7.5,16.6,110.0,116,Center,0.024716786817713696
Patrick Patterson,PF,30,LAC,51,18,607,5.9,14.6,0.40399999999999997,4.3,11.0,0.387,1.6,3.6,0.457,2.1,2.6,0.794,2.3,7.1,9.4,2.4,0.5,0.2,1.4,3.2,18.2,118.0,111,Forward,0.04531410916580844
Justin Patton,C,22,OKC,5,0,24,8.1,20.3,0.4,2.0,8.1,0.25,6.1,12.2,0.5,0.0,0.0,0.0,2.0,8.1,10.1,4.1,0.0,0.0,4.1,8.1,18.3,86.0,113,Center,0.0411946446961895
Chris Paul,PG,34,OKC,63,63,2003,9.6,19.6,0.489,2.5,6.8,0.36200000000000004,7.1,12.8,0.557,5.5,6.1,0.9,0.5,7.0,7.5,10.4,2.4,0.2,3.3,3.4,27.1,121.0,108,Guard,0.0411946446961895
Elfrid Payton,PG,25,NYK,45,36,1246,7.5,17.2,0.439,0.5,2.7,0.203,7.0,14.5,0.48200000000000004,1.9,3.4,0.57,2.0,6.3,8.3,12.6,2.7,0.7,3.8,3.5,17.5,105.0,111,Guard,0.021627188465499485
Gary Payton II,PG,27,WAS,29,17,432,5.2,12.5,0.414,1.4,5.0,0.28300000000000003,3.8,7.6,0.5,0.4,0.9,0.5,2.8,5.8,8.6,5.2,3.6,0.8,2.2,5.8,12.2,103.0,112,Guard,0.024716786817713696
Norvel Pelle,C,26,PHI,20,0,178,4.9,9.6,0.514,0.0,0.0,0.0,4.9,9.6,0.514,1.6,3.3,0.5,4.4,12.0,16.4,1.9,0.3,6.8,3.5,10.6,11.5,96.0,101,Center,0.04016477857878476
Theo Pinson,SG,24,BRK,33,0,365,5.8,20.1,0.29,1.9,10.4,0.188,3.9,9.7,0.4,1.9,2.1,0.938,1.3,5.7,7.0,7.3,2.2,0.5,4.3,4.5,15.6,81.0,108,Guard,0.030895983522142123
Mason Plumlee,C,29,DEN,53,1,900,8.4,13.6,0.617,0.0,0.2,0.0,8.4,13.4,0.627,4.1,7.6,0.536,4.9,10.6,15.5,6.9,1.6,1.8,4.0,6.9,20.9,117.0,106,Center,0.044284243048403706
Jakob Poeltl,C,24,SAS,58,10,965,6.7,10.8,0.619,0.0,0.0,0.0,6.7,10.8,0.619,1.8,3.7,0.486,5.2,10.3,15.4,5.1,1.5,4.2,2.2,4.8,15.2,125.0,108,Center,0.027806385169927908
Vincent Poirier,C,26,BOS,21,0,114,6.8,14.0,0.485,0.4,0.8,0.5,6.4,13.2,0.484,2.5,3.0,0.857,4.2,10.2,14.4,3.0,0.8,2.5,2.5,9.8,16.5,111.0,105,Center,0.044284243048403706
Shamorie Ponds,PG,21,TOR,4,0,11,13.0,21.7,0.6,4.3,8.7,0.5,8.7,13.0,0.667,8.7,8.7,1.0,0.0,4.3,4.3,8.7,0.0,4.3,0.0,8.7,39.0,164.0,107,Guard,0.04737384140061792
Jordan Poole,SG,20,GSW,57,14,1274,6.3,18.9,0.33299999999999996,2.8,10.0,0.27899999999999997,3.5,8.9,0.392,3.6,4.5,0.7979999999999999,0.3,4.1,4.4,5.0,1.3,0.4,2.8,3.5,18.9,91.0,117,Guard,0.015447991761071062
Kevin Porter Jr.,SF,19,CLE,50,3,1162,7.8,17.6,0.442,2.2,6.6,0.335,5.6,11.0,0.506,3.1,4.2,0.723,0.9,5.9,6.8,4.6,1.9,0.6,3.9,5.7,20.9,99.0,115,Forward,0.01956745623069001
Michael Porter Jr.,PF,21,DEN,48,1,670,10.4,21.0,0.495,3.2,7.5,0.42200000000000004,7.2,13.5,0.536,2.4,3.2,0.767,3.9,10.8,14.7,2.6,1.5,1.4,2.6,5.5,26.4,114.0,107,Forward,0.044284243048403706
Otto Porter,SF,26,CHI,14,9,331,9.0,20.4,0.44299999999999995,3.5,9.0,0.387,5.5,11.4,0.48700000000000004,2.8,3.9,0.7040000000000001,1.9,5.1,7.0,3.6,2.2,0.9,1.6,4.5,24.3,112.0,110,Forward,0.02265705458290422
Bobby Portis,C,24,NYK,66,5,1393,9.3,20.6,0.45,2.3,6.5,0.358,6.9,14.1,0.493,2.5,3.3,0.763,2.8,9.0,11.8,3.4,1.1,0.6,2.6,3.8,23.3,107.0,113,Center,0.021627188465499485
Kristaps Porziņģis,PF,24,DAL,51,51,1597,10.3,24.5,0.42,3.8,10.9,0.349,6.5,13.6,0.47700000000000004,5.4,6.9,0.7759999999999999,2.7,11.9,14.6,2.7,1.1,3.2,2.5,4.8,29.7,109.0,106,Forward,0.0411946446961895
Dwight Powell,C,28,DAL,40,37,1061,6.7,10.5,0.638,0.5,1.8,0.256,6.2,8.7,0.716,3.4,5.1,0.667,3.4,6.9,10.4,2.7,1.6,1.0,1.6,4.7,17.2,134.0,110,Center,0.0411946446961895
Norman Powell,SG,26,TOR,44,23,1269,9.7,19.4,0.502,3.5,8.9,0.39799999999999996,6.2,10.5,0.589,4.1,4.9,0.838,0.9,5.2,6.1,2.9,2.1,0.6,2.4,3.5,27.1,117.0,106,Guard,0.04737384140061792
Chasson Randle,PG,26,GSW,3,0,40,0.0,4.8,0.0,0.0,2.4,0.0,0.0,2.4,0.0,6.0,7.2,0.833,0.0,2.4,2.4,6.0,2.4,0.0,0.0,3.6,6.0,113.0,116,Guard,0.015447991761071062
Julius Randle,PF,25,NYK,64,64,2080,10.8,23.5,0.46,1.5,5.4,0.27699999999999997,9.3,18.1,0.515,6.0,8.2,0.733,3.5,11.0,14.6,4.6,1.2,0.5,4.5,4.2,29.2,105.0,112,Forward,0.021627188465499485
Josh Reaves,SG,22,DAL,2,0,1,0.0,48.4,0.0,0.0,0.0,0.0,0.0,48.4,0.0,0.0,0.0,0.0,0.0,0.0,0.0,0.0,0.0,0.0,0.0,0.0,0.0,0.0,119,Guard,0.0411946446961895
Cam Reddish,SF,20,ATL,58,34,1551,6.4,16.6,0.384,2.5,7.5,0.332,3.9,9.1,0.428,3.0,3.8,0.802,1.1,5.4,6.5,2.6,1.9,0.8,2.9,4.0,18.3,95.0,115,Forward,0.02059732234809475
J.J. Redick,SG,35,NOP,54,35,1425,8.1,18.1,0.45,5.1,11.2,0.452,3.1,6.9,0.446,4.8,5.3,0.902,0.3,4.2,4.5,3.5,0.6,0.3,2.1,2.8,26.1,122.0,116,Guard,0.028836251287332648
Naz Reid,C,20,MIN,30,11,495,9.4,22.8,0.41200000000000003,3.0,9.1,0.33,6.4,13.7,0.466,3.5,5.0,0.698,3.2,8.4,11.6,3.3,1.8,2.1,2.1,7.8,25.2,105.0,110,Center,0.01956745623069001
Josh Richardson,SG,26,PHI,48,46,1474,8.1,18.9,0.429,2.3,7.1,0.327,5.8,11.9,0.489,3.3,4.2,0.789,1.2,4.1,5.3,4.9,1.5,1.1,3.0,4.0,21.9,103.0,110,Guard,0.04016477857878476
Austin Rivers,SG,27,HOU,60,4,1402,6.0,14.3,0.42100000000000004,2.8,7.7,0.358,3.3,6.6,0.495,2.0,3.0,0.667,0.8,3.9,4.7,3.2,1.4,0.3,1.2,3.7,16.8,112.0,113,Guard,0.0411946446961895
Duncan Robinson,SF,25,MIA,65,60,1949,7.2,15.4,0.467,6.1,13.6,0.44799999999999995,1.1,1.8,0.614,1.2,1.3,0.9059999999999999,0.2,5.1,5.3,2.3,0.9,0.4,1.5,4.5,21.7,122.0,113,Forward,0.042224510813594233
Glenn Robinson III,SF,26,TOT,60,52,1743,7.7,15.9,0.486,2.0,5.3,0.387,5.7,10.6,0.535,2.0,2.3,0.867,2.1,5.0,7.2,2.6,1.5,0.4,1.5,2.7,19.5,114.0,115,Forward,0.03333333333333334
Jerome Robinson,SG,22,TOT,55,4,748,4.7,13.6,0.34700000000000003,1.9,6.5,0.298,2.8,7.0,0.39299999999999996,1.3,1.8,0.69,0.6,6.1,6.7,4.1,1.4,0.9,2.1,5.2,12.6,91.0,111,Guard,0.03333333333333334
Justin Robinson,PG,22,WAS,9,0,49,4.8,11.4,0.41700000000000004,2.9,4.8,0.6,1.9,6.7,0.28600000000000003,0.0,0.0,0.0,1.0,3.8,4.8,6.7,0.0,1.0,2.9,1.9,12.4,105.0,121,Guard,0.024716786817713696
Mitchell Robinson,C,21,NYK,61,7,1412,8.7,11.8,0.742,0.0,0.0,0.0,8.7,11.8,0.742,2.9,5.1,0.568,6.4,8.3,14.8,1.2,1.8,4.1,1.3,6.7,20.3,144.0,107,Center,0.021627188465499485
Isaiah Roby,SF,21,OKC,3,0,11,0.0,4.4,0.0,0.0,0.0,0.0,0.0,4.4,0.0,0.0,0.0,0.0,0.0,8.9,8.9,0.0,0.0,0.0,4.4,4.4,0.0,0.0,113,Forward,0.0411946446961895
Rajon Rondo,PG,33,LAL,48,3,984,6.6,15.9,0.418,2.0,6.0,0.32799999999999996,4.6,9.8,0.473,1.3,2.0,0.659,1.1,5.8,6.9,11.6,1.9,0.1,4.4,2.8,16.5,103.0,108,Guard,0.05046343975283213
Derrick Rose,PG,31,DET,50,15,1298,14.0,28.5,0.49,1.7,5.6,0.306,12.3,23.0,0.535,4.6,5.3,0.871,1.0,3.6,4.6,10.5,1.5,0.6,4.8,1.9,34.3,109.0,115,Guard,0.02059732234809475
Terrence Ross,SG,28,ORL,63,0,1723,9.0,22.0,0.40700000000000003,4.6,12.9,0.35700000000000004,4.4,9.2,0.47700000000000004,3.9,4.6,0.845,0.4,5.4,5.8,2.1,2.0,0.6,1.8,2.7,26.3,106.0,110,Guard,0.030895983522142123
Terry Rozier,PG,25,CHO,63,63,2164,9.2,21.8,0.423,4.0,9.8,0.40700000000000003,5.2,12.0,0.436,3.8,4.4,0.8740000000000001,1.2,5.2,6.4,6.0,1.4,0.2,3.3,2.9,26.3,108.0,115,Guard,0.02368692070030896
Ricky Rubio,PG,29,PHO,57,57,1802,6.6,16.1,0.41200000000000003,1.7,4.9,0.35100000000000003,4.9,11.1,0.44,4.6,5.4,0.853,1.1,5.9,7.0,13.3,2.3,0.2,4.1,3.8,19.5,112.0,111,Guard,0.026776519052523172
D'Angelo Russell,PG,23,TOT,45,45,1452,11.8,27.7,0.426,5.2,14.1,0.36700000000000005,6.6,13.6,0.48700000000000004,5.3,6.5,0.809,0.6,5.2,5.8,9.3,1.6,0.4,4.8,2.8,34.0,106.0,115,Guard,0.03333333333333334
Domantas Sabonis,C,23,IND,62,62,2159,10.3,19.1,0.54,0.4,1.5,0.254,10.0,17.6,0.565,4.8,6.7,0.723,4.3,13.1,17.4,7.0,1.1,0.7,3.8,4.4,25.9,115.0,106,Center,0.04016477857878476
Luka Šamanić,PF,20,SAS,1,0,12,0.0,16.0,0.0,0.0,8.0,0.0,0.0,8.0,0.0,0.0,0.0,0.0,0.0,8.0,8.0,12.0,0.0,0.0,0.0,0.0,0.0,43.0,118,Forward,0.027806385169927908
JaKarr Sampson,SF,26,IND,26,10,340,6.9,11.6,0.593,0.3,1.9,0.154,6.6,9.7,0.6759999999999999,1.6,2.9,0.55,2.1,6.3,8.5,1.3,1.3,1.3,1.0,6.2,15.6,119.0,109,Forward,0.04016477857878476
Dario Šarić,PF,25,PHO,58,50,1441,7.1,15.4,0.462,2.4,7.0,0.341,4.7,8.4,0.563,2.6,3.1,0.8320000000000001,2.9,8.4,11.3,3.6,1.1,0.5,2.4,4.3,19.3,112.0,112,Forward,0.026776519052523172
Tomáš Satoranský,PG,28,CHI,65,64,1878,6.1,14.1,0.43,1.6,5.1,0.322,4.4,9.0,0.491,2.7,3.1,0.8759999999999999,1.9,4.6,6.5,9.1,2.1,0.2,3.3,3.5,16.5,111.0,112,Guard,0.02265705458290422
Admiral Schofield,SF,22,WAS,27,2,293,4.8,11.9,0.4,2.2,7.5,0.298,2.5,4.5,0.5710000000000001,1.4,2.1,0.6920000000000001,1.0,4.5,5.4,2.2,1.3,0.5,1.1,6.5,13.2,105.0,118,Forward,0.024716786817713696
Dennis Schröder,PG,26,OKC,63,1,1952,11.0,23.6,0.46799999999999997,3.0,8.0,0.381,8.0,15.6,0.512,4.8,5.7,0.8390000000000001,0.5,5.3,5.8,6.4,1.1,0.3,4.0,3.4,29.9,108.0,112,Guard,0.0411946446961895
Mike Scott,PF,31,PHI,63,10,1119,5.6,13.9,0.408,3.2,8.9,0.358,2.5,5.0,0.496,1.1,1.3,0.833,2.5,7.3,9.8,2.1,0.8,0.2,1.0,3.7,15.5,113.0,111,Forward,0.04016477857878476
Thabo Sefolosha,PF,35,HOU,41,0,436,3.9,9.7,0.40700000000000003,1.6,5.8,0.278,2.3,3.9,0.595,0.3,0.9,0.375,2.2,7.7,9.9,2.7,2.6,1.3,1.6,4.6,9.8,104.0,107,Forward,0.0411946446961895
Collin Sexton,SG,21,CLE,65,65,2143,11.6,24.7,0.47200000000000003,2.2,5.8,0.38,9.4,18.9,0.501,5.1,6.1,0.846,1.4,3.2,4.6,4.4,1.5,0.2,3.6,3.2,30.6,108.0,118,Guard,0.01956745623069001
Landry Shamet,SG,22,LAC,47,27,1294,5.3,12.8,0.41600000000000004,3.8,9.8,0.392,1.5,3.0,0.494,2.1,2.3,0.905,0.2,3.1,3.3,3.2,0.7,0.3,1.3,4.7,16.5,119.0,112,Guard,0.04531410916580844
Marial Shayok,SG,24,PHI,2,0,10,4.9,24.3,0.2,4.9,14.6,0.33299999999999996,0.0,9.7,0.0,0.0,0.0,0.0,0.0,14.6,14.6,4.9,0.0,0.0,4.9,0.0,14.6,61.0,110,Guard,0.04016477857878476
Iman Shumpert,SG,29,BRK,13,0,241,4.1,12.6,0.32799999999999996,1.6,6.5,0.242,2.6,6.1,0.419,0.8,1.4,0.5710000000000001,1.8,4.9,6.7,2.4,2.4,0.4,2.0,4.1,10.6,85.0,109,Guard,0.030895983522142123
Pascal Siakam,PF,25,TOR,53,53,1882,11.6,25.4,0.45899999999999996,2.9,8.1,0.359,8.7,17.2,0.506,5.6,7.0,0.8,1.4,8.7,10.1,4.8,1.3,1.2,3.3,3.8,31.8,108.0,105,Forward,0.04737384140061792
Chris Silva,PF,23,MIA,41,0,307,6.9,11.0,0.623,0.0,0.3,0.0,6.9,10.7,0.642,5.4,7.8,0.6940000000000001,8.6,8.8,17.4,3.3,1.4,2.9,4.9,12.7,19.1,120.0,106,Forward,0.042224510813594233
Ben Simmons,PG,23,PHI,54,54,1930,9.1,15.5,0.585,0.1,0.2,0.33299999999999996,9.0,15.4,0.588,4.5,7.1,0.627,2.7,7.9,10.6,11.1,2.9,0.8,4.8,4.4,22.7,116.0,105,Guard,0.04016477857878476
Anfernee Simons,SG,20,POR,65,4,1400,7.2,17.9,0.402,2.5,7.5,0.33799999999999997,4.7,10.4,0.44799999999999995,2.6,3.1,0.826,0.9,4.2,5.0,3.2,0.9,0.3,2.1,4.5,19.5,102.0,118,Guard,0.029866117404737384
Alen Smailagić,PF,19,GSW,14,0,139,6.9,13.8,0.5,1.0,4.5,0.231,5.9,9.3,0.63,5.5,6.5,0.8420000000000001,3.4,5.9,9.3,4.5,1.0,1.4,3.8,4.8,20.3,112.0,115,Forward,0.015447991761071062
Marcus Smart,SG,25,BOS,53,39,1721,6.7,17.8,0.38,3.6,10.3,0.348,3.1,7.4,0.424,3.0,3.6,0.835,1.1,4.6,5.7,7.2,2.4,0.8,2.5,4.0,20.1,110.0,107,Guard,0.044284243048403706
Dennis Smith Jr.,PG,22,NYK,34,3,537,6.5,19.1,0.341,1.5,4.9,0.29600000000000004,5.1,14.2,0.35700000000000004,2.4,4.8,0.509,1.9,5.2,7.1,8.9,2.5,0.7,5.3,5.9,17.0,84.0,112,Guard,0.021627188465499485
Ish Smith,PG,31,WAS,60,19,1570,7.8,17.3,0.451,1.6,4.5,0.36700000000000005,6.2,12.8,0.48,1.4,2.1,0.6859999999999999,0.8,4.8,5.6,8.5,1.5,0.7,2.3,2.5,18.6,109.0,117,Guard,0.024716786817713696
Zhaire Smith,SG,20,PHI,7,0,32,4.6,16.7,0.273,0.0,4.6,0.0,4.6,12.1,0.375,3.0,6.1,0.5,0.0,3.0,3.0,3.0,4.6,0.0,3.0,6.1,12.1,65.0,105,Guard,0.04016477857878476
Tony Snell,SF,28,DET,59,57,1641,5.1,11.5,0.445,3.1,7.6,0.402,2.0,3.8,0.531,1.0,1.0,1.0,0.3,3.1,3.3,3.8,1.0,0.4,0.9,3.0,14.2,121.0,117,Forward,0.02059732234809475
Omari Spellman,PF,22,GSW,49,3,886,6.9,15.9,0.431,2.3,5.9,0.391,4.5,10.0,0.45399999999999996,3.9,5.0,0.7929999999999999,4.2,7.7,11.8,2.5,1.8,1.3,2.9,3.4,20.0,107.0,112,Forward,0.015447991761071062
Max Strus,SG,23,CHI,2,0,6,16.1,24.1,0.667,0.0,8.0,0.0,16.1,16.1,1.0,8.0,8.0,1.0,8.0,0.0,8.0,0.0,0.0,0.0,0.0,8.0,40.1,153.0,119,Guard,0.02265705458290422
Edmond Sumner,PG,24,IND,25,2,345,6.6,15.7,0.423,1.4,5.4,0.263,5.2,10.3,0.507,1.4,2.1,0.667,1.4,3.8,5.2,5.5,2.1,1.1,2.7,4.9,16.1,98.0,109,Guard,0.04016477857878476
Caleb Swanigan,PF,22,TOT,27,1,288,4.6,7.8,0.596,0.0,0.3,0.0,4.6,7.5,0.622,1.5,2.8,0.529,4.5,12.1,16.6,5.1,0.5,1.2,6.1,10.3,10.8,94.0,112,Forward,0.03333333333333334
Jayson Tatum,PF,21,BOS,59,59,2043,11.8,26.3,0.44799999999999995,4.0,9.9,0.39799999999999996,7.9,16.4,0.479,5.3,6.6,0.8059999999999999,1.3,8.5,9.9,4.1,2.0,1.3,3.1,2.9,32.9,110.0,105,Forward,0.044284243048403706
Jeff Teague,PG,31,TOT,59,17,1464,6.8,15.5,0.436,1.4,3.7,0.368,5.4,11.8,0.457,5.5,6.3,0.873,0.9,3.7,4.5,9.8,1.4,0.6,3.7,3.4,20.4,112.0,116,Guard,0.03333333333333334
Garrett Temple,SG,33,BRK,55,31,1547,6.1,16.1,0.37799999999999995,3.4,10.6,0.324,2.6,5.5,0.483,1.7,2.2,0.767,0.9,5.0,5.8,4.3,1.3,0.8,1.7,2.9,17.3,105.0,110,Guard,0.030895983522142123
Daniel Theis,C,27,BOS,58,57,1382,7.6,13.4,0.565,0.9,2.8,0.321,6.6,10.5,0.631,2.8,3.7,0.764,4.5,8.7,13.3,3.3,1.2,2.6,1.7,7.0,18.9,130.0,105,Center,0.044284243048403706
Isaiah Thomas,PG,30,WAS,40,37,925,8.8,21.5,0.408,3.9,9.5,0.413,4.8,12.0,0.405,3.1,3.8,0.816,0.6,2.9,3.4,7.4,0.7,0.3,3.9,3.9,24.6,103.0,121,Guard,0.024716786817713696
Khyri Thomas,SG,23,DET,8,0,61,4.0,13.7,0.294,4.0,11.3,0.35700000000000004,0.0,2.4,0.0,1.6,3.2,0.5,0.8,0.0,0.8,2.4,2.4,0.0,2.4,7.3,13.7,88.0,116,Guard,0.02059732234809475
Matt Thomas,SG,25,TOR,33,0,321,8.0,16.5,0.486,5.2,11.1,0.467,2.8,5.4,0.528,1.0,1.5,0.7,1.0,6.1,7.1,2.5,1.2,0.0,1.8,4.6,22.3,119.0,108,Guard,0.04737384140061792
Tristan Thompson,C,28,CLE,57,51,1721,8.1,15.9,0.512,0.3,0.7,0.391,7.9,15.2,0.518,2.8,4.6,0.615,6.4,9.9,16.3,3.4,0.9,1.4,2.9,3.5,19.3,112.0,114,Center,0.01956745623069001
Matisse Thybulle,SG,22,PHI,57,13,1110,4.2,10.2,0.41,2.2,6.2,0.35200000000000004,2.0,4.0,0.5,1.1,1.8,0.61,1.5,2.2,3.8,3.1,3.5,1.8,2.0,5.3,11.7,103.0,105,Guard,0.04016477857878476
Anthony Tolliver,PF,34,TOT,47,9,732,3.5,10.1,0.348,2.5,7.9,0.322,1.0,2.2,0.441,1.2,1.6,0.72,2.0,6.7,8.7,2.1,1.0,0.7,2.0,4.2,10.7,100.0,115,Forward,0.03333333333333334
Juan Toscano-Anderson,SF,26,GSW,13,6,272,5.1,11.1,0.46,1.4,4.0,0.348,3.7,7.0,0.525,0.5,0.9,0.6,1.6,7.6,9.1,4.6,2.3,0.9,2.8,5.3,12.1,98.0,112,Forward,0.015447991761071062
Karl-Anthony Towns,C,24,MIN,35,35,1187,12.4,24.3,0.508,4.5,10.8,0.41200000000000003,7.9,13.5,0.586,7.0,8.8,0.7959999999999999,3.7,11.1,14.8,6.0,1.3,1.6,4.3,4.6,36.2,121.0,110,Center,0.01956745623069001
Gary Trent Jr.,SG,21,POR,53,8,1059,6.7,15.8,0.426,3.5,9.0,0.38799999999999996,3.2,6.7,0.47700000000000004,1.4,1.6,0.833,0.9,3.1,4.0,2.3,1.8,0.6,0.9,3.1,18.3,115.0,116,Guard,0.029866117404737384
Allonzo Trier,PG,24,NYK,24,1,291,8.5,17.7,0.48100000000000004,3.2,8.9,0.358,5.4,8.9,0.604,5.7,7.2,0.7909999999999999,1.0,3.8,4.9,4.7,0.5,0.7,3.7,4.9,25.9,115.0,118,Guard,0.021627188465499485
P.J. Tucker,PF,34,HOU,64,64,2203,3.4,7.9,0.433,2.0,5.4,0.37,1.4,2.5,0.573,0.8,0.9,0.841,2.2,7.1,9.3,2.1,1.5,0.7,1.4,4.4,9.6,117.0,111,Forward,0.0411946446961895
Rayjon Tucker,SG,22,UTA,14,0,78,5.0,11.9,0.42100000000000004,0.0,3.8,0.0,5.0,8.1,0.615,1.9,3.1,0.6,1.3,6.9,8.1,1.3,0.6,0.0,1.9,4.4,11.9,88.0,112,Guard,0.042224510813594233
Evan Turner,PG,31,ATL,19,0,251,4.6,12.4,0.373,0.0,0.9,0.0,4.6,11.5,0.40299999999999997,2.2,2.6,0.857,1.5,5.6,7.1,7.1,1.7,1.5,4.8,3.7,11.5,84.0,115,Guard,0.02059732234809475
Myles Turner,C,23,IND,55,55,1628,7.0,15.5,0.451,2.3,6.9,0.336,4.7,8.6,0.542,3.2,4.3,0.75,2.1,8.7,10.8,1.8,1.3,3.6,2.0,4.1,19.5,108.0,105,Center,0.04016477857878476
Jarrod Uthoff,SF,26,MEM,4,0,14,3.3,23.3,0.14300000000000002,0.0,13.3,0.0,3.3,10.0,0.33299999999999996,6.7,6.7,1.0,3.3,0.0,3.3,0.0,3.3,0.0,0.0,3.3,13.3,67.0,112,Forward,0.032955715756951595
Jonas Valančiūnas,C,27,MEM,62,62,1630,11.0,18.8,0.586,0.8,2.3,0.36700000000000005,10.2,16.6,0.616,3.5,4.8,0.732,5.4,14.5,19.9,3.1,0.7,2.0,3.1,4.6,26.4,120.0,107,Center,0.032955715756951595
Denzel Valentine,SF,26,CHI,36,5,488,9.6,23.4,0.409,4.5,13.5,0.336,5.0,9.9,0.51,0.6,0.8,0.75,0.9,6.4,7.3,4.2,2.6,0.6,2.6,5.0,24.3,100.0,109,Forward,0.02265705458290422
Jarred Vanderbilt,SF-PF,20,TOT,11,0,46,5.3,8.5,0.625,0.0,1.1,0.0,5.3,7.5,0.7140000000000001,2.1,2.1,1.0,3.2,6.4,9.6,2.1,3.2,1.1,7.5,6.4,12.8,81.0,107,Forward,0.03333333333333334
Fred VanVleet,PG,25,TOR,48,48,1719,8.0,19.5,0.409,3.6,9.4,0.38799999999999996,4.3,10.1,0.43,3.9,4.6,0.843,0.5,4.5,5.0,8.8,2.5,0.4,3.1,3.3,23.5,111.0,106,Guard,0.04737384140061792
Gabe Vincent,PG,23,MIA,6,0,42,4.7,22.1,0.21100000000000002,4.7,18.6,0.25,0.0,3.5,0.0,0.0,0.0,0.0,0.0,3.5,3.5,3.5,1.2,0.0,0.0,2.3,14.0,75.0,114,Guard,0.042224510813594233
Noah Vonleh,C-PF,24,TOT,33,1,364,6.4,11.4,0.562,0.4,1.9,0.2,6.0,9.5,0.635,3.1,3.8,0.8,4.7,11.0,15.7,3.5,1.4,0.8,2.7,4.9,16.2,120.0,111,Forward,0.03333333333333334
Nikola Vučević,C,29,ORL,54,54,1763,11.8,25.2,0.47,2.3,6.9,0.32899999999999996,9.6,18.3,0.523,3.2,4.0,0.7809999999999999,3.6,12.9,16.5,5.6,1.3,1.3,2.1,3.3,29.1,113.0,107,Center,0.030895983522142123
Dean Wade,PF,23,CLE,12,0,71,6.2,8.9,0.6920000000000001,1.4,2.7,0.5,4.8,6.2,0.778,0.0,0.7,0.0,2.1,11.0,13.0,1.4,1.4,2.7,2.1,5.5,13.7,122.0,111,Forward,0.01956745623069001
Moritz Wagner,C,22,WAS,37,5,707,8.6,15.1,0.575,1.5,4.4,0.34299999999999997,7.1,10.6,0.6709999999999999,4.4,5.4,0.8170000000000001,3.4,9.3,12.7,3.2,1.5,1.1,3.6,8.8,23.2,119.0,114,Center,0.024716786817713696
Dion Waiters,SG,28,MIA,3,0,42,11.6,30.3,0.385,9.3,19.8,0.47100000000000003,2.3,10.5,0.222,0.0,1.2,0.0,0.0,12.8,12.8,3.5,0.0,2.3,3.5,5.8,32.6,93.0,108,Guard,0.042224510813594233
Kemba Walker,PG,29,BOS,50,50,1592,10.6,25.3,0.42100000000000004,5.0,13.3,0.377,5.6,12.0,0.47,5.9,6.8,0.867,1.0,5.2,6.2,7.5,1.4,0.8,3.3,2.3,32.2,115.0,109,Guard,0.044284243048403706
Lonnie Walker,SG,21,SAS,53,4,767,7.3,16.7,0.434,1.8,4.4,0.408,5.4,12.3,0.444,2.4,3.3,0.7170000000000001,1.3,5.9,7.2,2.9,1.8,0.8,1.9,4.4,18.7,101.0,114,Guard,0.027806385169927908
Tyrone Wallace,SG,25,ATL,14,0,160,4.1,12.8,0.318,0.3,4.4,0.067,3.8,8.4,0.44799999999999995,3.2,5.0,0.647,0.9,5.5,6.4,3.8,2.0,0.3,2.9,5.5,11.6,80.0,115,Guard,0.02059732234809475
Taurean Prince,SF,25,BRK,64,61,1857,7.1,18.9,0.376,3.7,11.0,0.33899999999999997,3.4,7.9,0.429,1.8,2.3,0.7979999999999999,1.3,8.5,9.7,3.0,1.5,0.6,3.2,4.1,19.8,94.0,108,Forward,0.030895983522142123
Derrick Walton,PG,24,TOT,26,1,248,3.4,7.4,0.462,1.9,4.6,0.41700000000000004,1.5,2.9,0.5329999999999999,1.3,1.7,0.778,0.4,2.7,3.1,5.2,1.3,0.0,1.0,4.0,10.1,131.0,112,Guard,0.03333333333333334
Brad Wanamaker,PG,30,BOS,63,1,1215,5.4,12.7,0.428,1.3,3.6,0.36700000000000005,4.1,9.1,0.452,4.3,4.6,0.9309999999999999,0.8,4.2,4.9,6.3,2.1,0.5,2.8,4.8,16.4,112.0,108,Guard,0.044284243048403706
T.J. Warren,SF,26,IND,61,61,1984,11.3,21.3,0.529,1.7,4.5,0.375,9.6,16.8,0.5710000000000001,3.7,4.6,0.812,1.5,4.4,5.9,2.1,1.7,0.7,1.9,4.2,28.0,115.0,110,Forward,0.04016477857878476
P.J. Washington,PF,21,CHO,58,57,1759,7.6,16.8,0.455,2.4,6.6,0.374,5.2,10.2,0.507,2.5,3.9,0.647,1.7,7.3,9.0,3.5,1.5,1.3,2.6,4.5,20.2,105.0,112,Forward,0.02368692070030896
Yuta Watanabe,SG,25,MEM,16,0,99,5.7,13.7,0.414,1.4,3.8,0.375,4.2,9.9,0.429,1.4,3.8,0.375,2.8,5.2,8.0,1.9,2.4,0.5,0.9,4.2,14.2,101.0,111,Guard,0.032955715756951595
Tremont Waters,PG,22,BOS,10,0,89,6.5,19.0,0.34299999999999997,1.6,9.2,0.17600000000000002,4.9,9.8,0.5,3.3,3.3,1.0,0.0,4.9,4.9,6.5,2.7,1.1,5.4,6.0,17.9,83.0,106,Guard,0.044284243048403706
Paul Watson,SF-SG,25,TOT,5,0,25,0.0,15.0,0.0,0.0,7.5,0.0,0.0,7.5,0.0,1.9,3.8,0.5,0.0,7.5,7.5,9.4,1.9,1.9,0.0,1.9,1.9,46.0,110,Forward,0.03333333333333334
Quinndary Weatherspoon,SG,23,SAS,3,0,15,0.0,9.6,0.0,0.0,3.2,0.0,0.0,6.4,0.0,0.0,0.0,0.0,0.0,3.2,3.2,3.2,0.0,0.0,0.0,0.0,0.0,21.0,121,Guard,0.027806385169927908
Russell Westbrook,PG,31,HOU,53,53,1905,13.9,29.2,0.474,1.2,4.9,0.254,12.6,24.3,0.518,6.6,8.4,0.777,2.3,8.1,10.4,9.0,2.1,0.4,5.8,4.6,35.5,107.0,109,Guard,0.0411946446961895
Coby White,SG,19,CHI,65,1,1674,9.0,22.8,0.39399999999999996,3.8,10.8,0.354,5.2,12.0,0.43,2.9,3.7,0.7909999999999999,0.8,5.8,6.6,5.0,1.4,0.2,3.1,3.4,24.7,100.0,112,Guard,0.02265705458290422
Derrick White,SG,25,SAS,61,13,1468,7.0,15.2,0.45899999999999996,1.9,5.2,0.35600000000000004,5.1,9.9,0.513,4.9,5.7,0.857,1.0,5.3,6.3,6.7,1.3,1.8,2.5,4.4,20.7,117.0,114,Guard,0.027806385169927908
Hassan Whiteside,C,30,POR,61,61,1911,10.4,16.9,0.618,0.1,0.2,0.5710000000000001,10.3,16.7,0.619,3.8,5.6,0.68,6.1,15.6,21.7,1.8,0.6,4.7,2.9,4.5,24.8,124.0,106,Center,0.029866117404737384
Andrew Wiggins,SF-SG,24,TOT,54,54,1858,11.0,24.6,0.447,2.8,8.4,0.332,8.2,16.2,0.506,4.8,6.7,0.7090000000000001,1.7,5.2,6.9,5.0,1.1,1.3,3.3,3.2,29.6,105.0,114,Forward,0.03333333333333334
Grant Williams,PF,21,BOS,62,5,970,4.0,9.6,0.41700000000000004,1.0,4.2,0.247,2.9,5.3,0.551,1.8,2.5,0.725,2.9,5.3,8.2,3.1,1.4,1.6,2.3,7.4,10.9,105.0,108,Forward,0.044284243048403706
Johnathan Williams,C,24,WAS,11,5,135,5.5,8.6,0.64,0.0,0.7,0.0,5.5,8.0,0.696,1.0,1.7,0.6,5.2,9.7,14.9,2.1,0.3,2.1,1.4,3.8,12.1,132.0,115,Center,0.024716786817713696
Kenrich Williams,PF,25,NOP,35,18,779,2.9,8.5,0.34299999999999997,1.5,5.7,0.26,1.4,2.8,0.511,0.5,1.4,0.375,2.9,7.7,10.6,3.1,1.5,1.2,1.2,4.8,7.8,103.0,111,Forward,0.028836251287332648
Lou Williams,SG,33,LAC,60,8,1757,9.8,23.7,0.41600000000000004,2.9,7.9,0.363,7.0,15.8,0.442,7.5,8.6,0.863,0.8,4.2,5.0,9.2,1.1,0.3,4.6,2.1,30.0,109.0,111,Guard,0.04531410916580844
Marvin Williams,PF,33,TOT,52,1,1011,5.3,12.1,0.442,2.5,7.0,0.361,2.8,5.1,0.552,2.3,2.6,0.87,1.0,6.2,7.2,2.7,1.7,1.3,1.4,4.6,15.5,116.0,110,Forward,0.03333333333333334
Robert Williams,C,22,BOS,23,1,323,6.3,9.3,0.677,0.0,0.0,0.0,6.3,9.3,0.677,2.1,3.7,0.56,5.1,11.1,16.2,3.3,3.0,4.2,3.0,6.0,14.7,123.0,98,Center,0.044284243048403706
Nigel Williams-Goss,PG,25,UTA,9,0,28,1.7,12.2,0.14300000000000002,0.0,3.5,0.0,1.7,8.7,0.2,3.5,3.5,1.0,3.5,5.2,8.7,8.7,1.7,1.7,3.5,3.5,7.0,80.0,108,Guard,0.042224510813594233
Zion Williamson,PF,19,NOP,19,19,565,14.1,23.9,0.589,0.5,1.1,0.462,13.6,22.8,0.595,8.0,12.4,0.645,4.5,6.1,10.5,3.4,1.3,0.7,4.2,2.6,36.6,116.0,113,Forward,0.028836251287332648
D.J. Wilson,PF,23,MIL,31,0,280,6.5,16.5,0.396,2.3,9.0,0.255,4.2,7.5,0.565,1.0,1.5,0.667,1.6,9.5,11.1,3.6,0.3,0.8,2.4,4.2,16.3,95.0,104,Forward,0.05458290422245108
Justise Winslow,SF,23,MIA,11,5,352,6.9,17.9,0.38799999999999996,0.8,3.8,0.222,6.1,14.2,0.431,2.5,3.8,0.667,2.2,7.9,10.1,6.1,1.0,0.7,3.3,5.3,17.2,93.0,111,Forward,0.042224510813594233
Christian Wood,PF,24,DET,62,12,1325,10.7,18.9,0.5670000000000001,2.0,5.2,0.386,8.7,13.7,0.636,6.7,9.0,0.7440000000000001,3.9,10.6,14.5,2.2,1.3,2.0,3.1,3.6,30.1,123.0,110,Forward,0.02059732234809475
Delon Wright,SG,27,DAL,65,5,1412,6.1,13.1,0.47,1.5,4.0,0.385,4.6,9.1,0.508,2.4,3.1,0.789,2.3,6.6,8.9,7.5,2.6,0.7,2.3,2.8,16.3,121.0,109,Guard,0.0411946446961895
Justin Wright-Foreman,PG,22,UTA,1,0,2,0.0,0.0,0.0,0.0,0.0,0.0,0.0,0.0,0.0,0.0,0.0,0.0,0.0,0.0,0.0,0.0,0.0,0.0,0.0,0.0,0.0,0.0,117,Guard,0.042224510813594233
Thaddeus Young,PF,31,CHI,64,16,1591,8.1,18.2,0.44799999999999995,2.4,6.7,0.35600000000000004,5.8,11.5,0.501,1.3,2.2,0.583,2.8,6.7,9.5,3.5,2.8,0.7,3.1,4.1,20.0,101.0,108,Forward,0.02265705458290422
Trae Young,PG,21,ATL,60,60,2120,12.0,27.5,0.43700000000000006,4.5,12.5,0.361,7.5,15.0,0.501,10.6,12.3,0.86,0.7,4.9,5.6,12.3,1.4,0.2,6.4,2.3,39.1,114.0,117,Guard,0.02059732234809475
Cody Zeller,C,27,CHO,58,39,1341,9.4,17.9,0.524,0.7,2.8,0.24,8.7,15.1,0.5770000000000001,4.6,6.7,0.682,6.0,9.4,15.4,3.3,1.5,0.9,2.8,5.2,24.0,116.0,111,Center,0.02368692070030896
Ante Žižić,C,23,CLE,22,0,221,9.0,15.9,0.569,0.0,0.0,0.0,9.0,15.9,0.569,3.1,4.2,0.737,4.0,10.6,14.5,1.3,1.5,1.1,2.2,5.9,21.1,116.0,113,Center,0.01956745623069001
Ivica Zubac,C,22,LAC,64,62,1156,8.2,13.7,0.601,0.0,0.1,0.0,8.2,13.6,0.605,4.4,5.8,0.759,6.8,12.0,18.8,2.8,0.5,2.4,2.2,6.0,20.8,132.0,104,Center,0.04531410916580844
